2026-04-20 16:35:39 [info]: Server running on port 5000 in development mode 
2026-04-20 16:35:39 [info]: MongoDB connected successfully 
2026-04-20 17:09:32 [info]: Server running on port 5000 in development mode 
2026-04-20 17:09:33 [info]: MongoDB connected successfully 
2026-04-20 17:11:00 [info]: Server running on port 5000 in development mode 
2026-04-20 17:11:00 [info]: MongoDB connected successfully 
2026-04-20 17:16:20 [info]: Server running on port 5000 in development mode 
2026-04-20 17:16:20 [info]: MongoDB connected successfully 
2026-04-20 17:16:32 [info]: Server running on port 5000 in development mode 
2026-04-20 17:16:33 [info]: MongoDB connected successfully 
2026-04-20 17:18:14 [info]: Server running on port 5000 in development mode 
2026-04-20 17:18:16 [info]: MongoDB connected successfully 
2026-04-20 17:20:49 [info]: Server running on port 5000 in development mode 
2026-04-20 17:20:50 [info]: MongoDB connected successfully 
2026-04-20 17:21:01 [info]: Server running on port 5000 in development mode 
2026-04-20 17:21:01 [info]: MongoDB connected successfully 
2026-04-20 17:24:44 [info]: Server running on port 5000 in development mode 
2026-04-20 17:24:45 [info]: MongoDB connected successfully 
2026-04-20 17:24:54 [info]: Server running on port 5000 in development mode 
2026-04-20 17:24:55 [info]: MongoDB connected successfully 
2026-04-20 17:32:38 [info]: Server running on port 5000 in development mode 
2026-04-20 17:32:39 [info]: MongoDB connected successfully 
2026-04-20 17:32:47 [info]: Server running on port 5000 in development mode 
2026-04-20 17:32:48 [info]: MongoDB connected successfully 
2026-04-20 17:33:00 [info]: Server running on port 5000 in development mode 
2026-04-20 17:33:00 [info]: MongoDB connected successfully 
2026-04-20 17:33:17 [debug]: [SuperAdmin] Dashboard Analytics: {"totalRevenue":[],"mrr":[],"planWise":[]}
2026-04-20 17:33:18 [debug]: [SuperAdmin] Dashboard Analytics: {"totalRevenue":[],"mrr":[],"planWise":[]}
2026-04-20 17:33:21 [info]: Server running on port 5000 in development mode 
2026-04-20 17:33:21 [info]: MongoDB connected successfully 
2026-04-20 17:34:02 [debug]: [SuperAdmin] Dashboard Analytics: {"totalRevenue":[],"mrr":[],"planWise":[]}
2026-04-20 17:34:02 [debug]: [SuperAdmin] Dashboard Analytics: {"totalRevenue":[],"mrr":[],"planWise":[]}
2026-04-20 17:40:44 [info]: Server running on port 5000 in development mode 
2026-04-20 17:40:45 [info]: MongoDB connected successfully 
2026-04-20 18:08:09 [info]: Server running on port 5000 in development mode 
2026-04-20 18:08:10 [info]: MongoDB connected successfully 
2026-04-20 18:08:26 [info]: Server running on port 5000 in development mode 
2026-04-20 18:08:27 [info]: MongoDB connected successfully 
2026-04-20 18:08:36 [info]: Server running on port 5000 in development mode 
2026-04-20 18:08:37 [info]: MongoDB connected successfully 
2026-04-20 18:08:49 [info]: Server running on port 5000 in development mode 
2026-04-20 18:08:49 [info]: MongoDB connected successfully 
2026-04-20 18:09:52 [debug]: [SuperAdmin] Dashboard Analytics: {"totalRevenue":[],"mrr":[],"planWise":[]}
2026-04-20 18:09:52 [debug]: [SuperAdmin] Dashboard Analytics: {"totalRevenue":[],"mrr":[],"planWise":[]}
2026-04-20 18:11:37 [info]: Server running on port 5000 in development mode 
2026-04-20 18:11:38 [info]: MongoDB connected successfully 
2026-04-20 18:15:02 [info]: Server running on port 5000 in development mode 
2026-04-20 18:15:03 [info]: MongoDB connected successfully 
2026-04-20 18:15:28 [info]: Server running on port 5000 in development mode 
2026-04-20 18:15:28 [info]: MongoDB connected successfully 
2026-04-20 18:15:49 [info]: Server running on port 5000 in development mode 
2026-04-20 18:15:50 [info]: MongoDB connected successfully 
2026-04-20 18:24:48 [info]: Server running on port 5000 in development mode 
2026-04-20 18:24:49 [info]: MongoDB connected successfully 
2026-04-20 18:24:58 [info]: Server running on port 5000 in development mode 
2026-04-20 18:24:59 [info]: MongoDB connected successfully 
2026-04-20 18:25:09 [info]: Server running on port 5000 in development mode 
2026-04-20 18:25:10 [info]: MongoDB connected successfully 
2026-04-20 18:25:21 [info]: Server running on port 5000 in development mode 
2026-04-20 18:25:22 [info]: MongoDB connected successfully 
2026-04-20 18:25:31 [info]: Server running on port 5000 in development mode 
2026-04-20 18:25:32 [info]: MongoDB connected successfully 
2026-04-20 18:32:08 [info]: Server running on port 5000 in development mode 
2026-04-20 18:32:10 [info]: MongoDB connected successfully 
2026-04-20 18:32:19 [info]: Server running on port 5000 in development mode 
2026-04-20 18:32:20 [info]: MongoDB connected successfully 
2026-04-20 18:32:28 [info]: Server running on port 5000 in development mode 
2026-04-20 18:32:29 [info]: MongoDB connected successfully 
2026-04-20 18:32:39 [info]: Server running on port 5000 in development mode 
2026-04-20 18:32:40 [info]: MongoDB connected successfully 
2026-04-20 18:32:53 [info]: Server running on port 5000 in development mode 
2026-04-20 18:32:53 [info]: MongoDB connected successfully 
2026-04-20 18:33:02 [info]: Server running on port 5000 in development mode 
2026-04-20 18:33:03 [info]: MongoDB connected successfully 
2026-04-21 06:14:27 [info]: Server running on port 5000 in development mode 
2026-04-21 06:14:29 [info]: MongoDB connected successfully 
2026-04-21 06:14:45 [debug]: [SuperAdmin] Dashboard Analytics: {"totalRevenue":[],"mrr":[],"planWise":[]}
2026-04-21 06:14:46 [debug]: [SuperAdmin] Dashboard Analytics: {"totalRevenue":[],"mrr":[],"planWise":[]}
2026-04-21 06:15:18 [debug]: [SuperAdmin] Dashboard Analytics: {"totalRevenue":[],"mrr":[],"planWise":[]}
2026-04-21 06:15:19 [debug]: [SuperAdmin] Dashboard Analytics: {"totalRevenue":[],"mrr":[],"planWise":[]}
2026-04-21 06:22:29 [info]: Server running on port 5000 in development mode 
2026-04-21 06:22:30 [info]: MongoDB connected successfully 
2026-04-21 06:22:39 [info]: Server running on port 5000 in development mode 
2026-04-21 06:22:40 [info]: MongoDB connected successfully 
2026-04-21 06:22:46 [info]: Server running on port 5000 in development mode 
2026-04-21 06:22:47 [info]: MongoDB connected successfully 
2026-04-21 06:23:56 [info]: Server running on port 5000 in development mode 
2026-04-21 06:23:56 [info]: MongoDB connected successfully 
2026-04-21 06:24:12 [info]: Server running on port 5000 in development mode 
2026-04-21 06:24:13 [info]: MongoDB connected successfully 
2026-04-21 06:24:20 [info]: Server running on port 5000 in development mode 
2026-04-21 06:24:21 [info]: MongoDB connected successfully 
2026-04-21 06:29:09 [info]: Server running on port 5000 in development mode 
2026-04-21 06:29:10 [info]: MongoDB connected successfully 
2026-04-21 06:33:09 [debug]: [SuperAdmin] Dashboard Analytics: {"totalRevenue":[],"mrr":[],"planWise":[]}
2026-04-21 06:33:09 [debug]: [SuperAdmin] Dashboard Analytics: {"totalRevenue":[],"mrr":[],"planWise":[]}
2026-04-21 06:39:35 [info]: Server running on port 5000 in development mode 
2026-04-21 06:39:35 [info]: MongoDB connected successfully 
2026-04-21 07:01:27 [info]: Server running on port 5000 in development mode 
2026-04-21 07:01:28 [info]: MongoDB connected successfully 
2026-04-21 07:04:32 [info]: Server running on port 5000 in development mode 
2026-04-21 07:04:33 [info]: MongoDB connected successfully 
2026-04-21 07:11:06 [info]: Server running on port 5000 in development mode 
2026-04-21 07:11:06 [info]: MongoDB connected successfully 
2026-04-21 07:14:33 [info]: Server running on port 5000 in development mode 
2026-04-21 07:14:33 [info]: MongoDB connected successfully 
2026-04-21 07:14:40 [info]: Server running on port 5000 in development mode 
2026-04-21 07:14:41 [info]: MongoDB connected successfully 
2026-04-21 07:14:48 [info]: Server running on port 5000 in development mode 
2026-04-21 07:14:49 [info]: MongoDB connected successfully 
2026-04-21 07:19:58 [info]: Server running on port 5000 in development mode 
2026-04-21 07:19:58 [info]: MongoDB connected successfully 
2026-04-21 09:46:41 [info]: Server running on port 5000 in development mode 
2026-04-21 09:46:42 [info]: MongoDB connected successfully 
2026-04-21 09:50:08 [debug]: [SuperAdmin] Dashboard Analytics: {"totalRevenue":[],"mrr":[],"planWise":[]}
2026-04-21 09:50:08 [debug]: [SuperAdmin] Dashboard Analytics: {"totalRevenue":[],"mrr":[],"planWise":[]}
2026-04-21 09:53:12 [info]: Server running on port 5000 in development mode 
2026-04-21 09:53:12 [info]: MongoDB connected successfully 
2026-04-21 09:53:47 [info]: Server running on port 5000 in development mode 
2026-04-21 09:53:48 [info]: MongoDB connected successfully 
2026-04-21 09:54:11 [debug]: [SuperAdmin] Dashboard Analytics Resolved: {"totalRevenue":0,"mrr":5998,"planWiseStats":[{"plan":"BASIC","activeBusinesses":1,"revenue":0},{"plan":"PRO","activeBusinesses":0,"revenue":0},{"plan":"ENTERPRISE","activeBusinesses":1,"revenue":0}],"revenueTrend":[]}
2026-04-21 09:56:02 [info]: Server running on port 5000 in development mode 
2026-04-21 09:56:08 [info]: MongoDB connected successfully 
2026-04-21 09:56:27 [debug]: [SuperAdmin] Dashboard Unified Analytics: {"totalRevenue":0,"mrr":5998,"merchantGMV":0,"subRevenue":0}
2026-04-21 09:56:57 [debug]: [SuperAdmin] Dashboard Unified Analytics: {"totalRevenue":0,"mrr":5998,"merchantGMV":0,"subRevenue":0}
2026-04-21 09:56:58 [debug]: [SuperAdmin] Dashboard Unified Analytics: {"totalRevenue":0,"mrr":5998,"merchantGMV":0,"subRevenue":0}
2026-04-21 09:57:50 [debug]: [SuperAdmin] Dashboard Unified Analytics: {"totalRevenue":0,"mrr":5998,"merchantGMV":0,"subRevenue":0}
2026-04-21 09:57:50 [debug]: [SuperAdmin] Dashboard Unified Analytics: {"totalRevenue":0,"mrr":5998,"merchantGMV":0,"subRevenue":0}
2026-04-21 10:00:16 [info]: Server running on port 5000 in development mode 
2026-04-21 10:00:18 [info]: MongoDB connected successfully 
2026-04-21 10:00:25 [debug]: [SuperAdmin] Dashboard Unified Analytics: {"totalRevenue":0,"mrr":5998,"merchantGMV":0,"subRevenue":0}
2026-04-21 10:07:08 [debug]: [SuperAdmin] Dashboard Unified Analytics: {"totalRevenue":0,"mrr":5998,"merchantGMV":0,"subRevenue":0}
2026-04-21 10:07:29 [debug]: [SuperAdmin] Dashboard Unified Analytics: {"totalRevenue":0,"mrr":5998,"merchantGMV":0,"subRevenue":0}
2026-04-21 10:07:30 [debug]: [SuperAdmin] Dashboard Unified Analytics: {"totalRevenue":0,"mrr":5998,"merchantGMV":0,"subRevenue":0}
2026-04-21 10:08:56 [info]: Server running on port 5000 in development mode 
2026-04-21 10:08:59 [info]: MongoDB connected successfully 
2026-04-21 10:09:07 [debug]: [SuperAdmin] Dashboard Unified Analytics: {"totalRevenue":5998,"mrr":5998,"merchantGMV":0,"subRevenue":5998}
2026-04-21 10:10:46 [info]: Server running on port 5000 in development mode 
2026-04-21 10:10:46 [info]: MongoDB connected successfully 
2026-04-21 10:13:28 [info]: Server running on port 5000 in development mode 
2026-04-21 10:13:28 [info]: MongoDB connected successfully 
2026-04-21 10:13:40 [debug]: [SuperAdmin] Dashboard Unified Analytics: {"totalRevenue":5998,"mrr":5998,"merchantGMV":0,"subRevenue":5998,"activePaidCount":2}
2026-04-21 10:17:08 [info]: Server running on port 5000 in development mode 
2026-04-21 10:17:10 [info]: MongoDB connected successfully 
2026-04-21 10:25:21 [debug]: [SuperAdmin] Dashboard Unified Analytics: {"totalRevenue":5998,"mrr":5998,"merchantGMV":0,"subRevenue":5998,"activePaidCount":2}
2026-04-21 10:25:22 [debug]: [SuperAdmin] Dashboard Unified Analytics: {"totalRevenue":5998,"mrr":5998,"merchantGMV":0,"subRevenue":5998,"activePaidCount":2}
2026-04-21 10:25:27 [info]: Server running on port 5000 in development mode 
2026-04-21 10:25:27 [info]: MongoDB connected successfully 
2026-04-21 10:25:33 [debug]: [SuperAdmin] Dashboard Unified Analytics: {"totalRevenue":5998,"mrr":5998,"merchantGMV":0,"subRevenue":5998,"activePaidCount":2}
2026-04-21 10:25:34 [debug]: [SuperAdmin] Dashboard Unified Analytics: {"totalRevenue":5998,"mrr":5998,"merchantGMV":0,"subRevenue":5998,"activePaidCount":2}
2026-04-21 11:13:20 [info]: Server running on port 5000 in development mode 
2026-04-21 11:13:20 [info]: MongoDB connected successfully 
2026-04-21 11:13:34 [info]: Server running on port 5000 in development mode 
2026-04-21 11:13:35 [info]: MongoDB connected successfully 
2026-04-21 11:13:48 [info]: Server running on port 5000 in development mode 
2026-04-21 11:13:48 [info]: MongoDB connected successfully 
2026-04-21 11:14:47 [info]: Server running on port 5000 in development mode 
2026-04-21 11:14:48 [info]: MongoDB connected successfully 
2026-04-21 11:14:56 [info]: Server running on port 5000 in development mode 
2026-04-21 11:14:58 [info]: MongoDB connected successfully 
2026-04-21 11:17:43 [info]: Server running on port 5000 in development mode 
2026-04-21 11:17:46 [info]: MongoDB connected successfully 
2026-04-21 11:22:35 [info]: Server running on port 5000 in development mode 
2026-04-21 11:22:40 [info]: MongoDB connected successfully 
2026-04-21 11:30:48 [info]: Server running on port 5000 in development mode 
2026-04-21 11:30:49 [info]: MongoDB connected successfully 
2026-04-21 11:30:53 [info]: Server running on port 5000 in development mode 
2026-04-21 11:30:53 [info]: MongoDB connected successfully 
2026-04-21 11:31:02 [info]: Server running on port 5000 in development mode 
2026-04-21 11:31:02 [info]: MongoDB connected successfully 
2026-04-21 11:31:32 [info]: Server running on port 5000 in development mode 
2026-04-21 11:31:32 [info]: MongoDB connected successfully 
2026-04-21 11:31:39 [info]: Server running on port 5000 in development mode 
2026-04-21 11:31:40 [info]: MongoDB connected successfully 
2026-04-21 11:32:01 [info]: Server running on port 5000 in development mode 
2026-04-21 11:32:02 [info]: MongoDB connected successfully 
2026-04-21 11:32:10 [info]: Server running on port 5000 in development mode 
2026-04-21 11:32:11 [info]: MongoDB connected successfully 
2026-04-21 11:32:11 [info]: ✅ Seeded 5 templates successfully 
2026-04-21 11:32:18 [info]: Server running on port 5000 in development mode 
2026-04-21 11:32:18 [info]: MongoDB connected successfully 
2026-04-21 11:32:19 [info]: Templates already seeded (5 templates found) 
2026-04-21 11:41:35 [info]: Server running on port 5000 in development mode 
2026-04-21 11:41:36 [info]: MongoDB connected successfully 
2026-04-21 11:41:36 [info]: Templates already seeded (5 templates found) 
2026-04-21 11:56:43 [info]: Server running on port 5000 in development mode 
2026-04-21 11:56:45 [info]: MongoDB connected successfully 
2026-04-21 11:56:46 [info]: Templates already seeded (5 templates found) 
2026-04-21 12:03:12 [info]: Server running on port 5000 in development mode 
2026-04-21 12:03:14 [info]: MongoDB connected successfully 
2026-04-21 12:03:15 [info]: ✅ Seeded 5 templates successfully 
2026-04-21 12:15:58 [info]: Server running on port 5000 in development mode 
2026-04-21 12:15:59 [info]: MongoDB connected successfully 
2026-04-21 12:16:00 [info]: Templates already seeded (5 templates found) 
2026-04-21 12:16:36 [info]: Server running on port 5000 in development mode 
2026-04-21 12:16:37 [info]: MongoDB connected successfully 
2026-04-21 12:16:38 [info]: Templates already seeded (5 templates found) 
2026-04-21 12:16:44 [info]: Server running on port 5000 in development mode 
2026-04-21 12:16:45 [info]: MongoDB connected successfully 
2026-04-21 12:16:46 [info]: Templates already seeded (5 templates found) 
2026-04-21 12:16:52 [info]: Server running on port 5000 in development mode 
2026-04-21 12:16:53 [info]: MongoDB connected successfully 
2026-04-21 12:16:54 [info]: Templates already seeded (5 templates found) 
2026-04-21 12:17:02 [info]: Server running on port 5000 in development mode 
2026-04-21 12:17:03 [info]: MongoDB connected successfully 
2026-04-21 12:17:04 [info]: Templates already seeded (5 templates found) 
2026-04-21 12:17:27 [info]: Server running on port 5000 in development mode 
2026-04-21 12:17:28 [info]: MongoDB connected successfully 
2026-04-21 12:17:29 [info]: Templates already seeded (5 templates found) 
2026-04-21 12:17:37 [info]: Server running on port 5000 in development mode 
2026-04-21 12:17:38 [info]: MongoDB connected successfully 
2026-04-21 12:17:39 [info]: Templates already seeded (5 templates found) 
2026-04-21 12:17:49 [info]: Server running on port 5000 in development mode 
2026-04-21 12:17:49 [info]: MongoDB connected successfully 
2026-04-21 12:17:50 [info]: Templates already seeded (5 templates found) 
2026-04-21 12:18:35 [info]: Server running on port 5000 in development mode 
2026-04-21 12:18:36 [info]: MongoDB connected successfully 
2026-04-21 12:18:37 [info]: Templates already seeded (5 templates found) 
2026-04-21 12:18:50 [info]: Server running on port 5000 in development mode 
2026-04-21 12:18:51 [info]: MongoDB connected successfully 
2026-04-21 12:18:52 [info]: Templates already seeded (5 templates found) 
2026-04-21 12:19:23 [info]: Server running on port 5000 in development mode 
2026-04-21 12:19:23 [info]: MongoDB connected successfully 
2026-04-21 12:19:24 [info]: Templates already seeded (5 templates found) 
2026-04-21 12:19:31 [info]: Server running on port 5000 in development mode 
2026-04-21 12:19:31 [info]: MongoDB connected successfully 
2026-04-21 12:19:32 [info]: Templates already seeded (5 templates found) 
2026-04-21 12:20:08 [info]: Server running on port 5000 in development mode 
2026-04-21 12:20:09 [info]: MongoDB connected successfully 
2026-04-21 12:20:10 [info]: Templates already seeded (5 templates found) 
2026-04-21 12:23:29 [info]: Server running on port 5000 in development mode 
2026-04-21 12:23:30 [info]: MongoDB connected successfully 
2026-04-21 12:23:31 [info]: Templates already seeded (5 templates found) 
2026-04-21 12:33:47 [error]: Error: Business not found
    at ChatbotSeederService.seedFlowsForBusiness (file:///E:/Whatsapp%20API%20automation/backend/services/chatbotSeederService.js:21:15)
    at process.processTicksAndRejections (node:internal/process/task_queues:104:5)
    at async ChatbotController.seedFlows (file:///E:/Whatsapp%20API%20automation/backend/controllers/chatbotController.js:183:7) 
2026-04-21 12:34:08 [error]: Error: Business not found
    at ChatbotSeederService.seedFlowsForBusiness (file:///E:/Whatsapp%20API%20automation/backend/services/chatbotSeederService.js:21:15)
    at process.processTicksAndRejections (node:internal/process/task_queues:104:5)
    at async ChatbotController.seedFlows (file:///E:/Whatsapp%20API%20automation/backend/controllers/chatbotController.js:183:7) 
2026-04-21 12:40:46 [info]: Server running on port 5000 in development mode 
2026-04-21 12:40:47 [info]: MongoDB connected successfully 
2026-04-21 12:40:50 [info]: Templates already seeded (5 templates found) 
2026-04-21 12:40:55 [info]: Server running on port 5000 in development mode 
2026-04-21 12:40:56 [info]: MongoDB connected successfully 
2026-04-21 12:40:57 [info]: Templates already seeded (5 templates found) 
2026-04-21 12:41:33 [info]: Server running on port 5000 in development mode 
2026-04-21 12:41:34 [info]: MongoDB connected successfully 
2026-04-21 12:41:34 [info]: Templates already seeded (5 templates found) 
2026-04-21 12:41:39 [info]: Server running on port 5000 in development mode 
2026-04-21 12:41:40 [info]: MongoDB connected successfully 
2026-04-21 12:41:41 [info]: Templates already seeded (5 templates found) 
2026-04-21 12:45:18 [info]: [SEEDER] Successfully seeded 4 flows for business 69e71b1fb43ad4c19c021466 (BASIC) 
2026-04-21 13:00:11 [info]: Server running on port 5000 in development mode 
2026-04-21 13:00:12 [info]: MongoDB connected successfully 
2026-04-21 13:00:13 [info]: Templates already seeded (5 templates found) 
2026-04-21 13:00:21 [info]: Server running on port 5000 in development mode 
2026-04-21 13:00:23 [info]: MongoDB connected successfully 
2026-04-21 13:00:24 [info]: Templates already seeded (5 templates found) 
2026-04-21 13:00:36 [info]: Server running on port 5000 in development mode 
2026-04-21 13:00:36 [info]: MongoDB connected successfully 
2026-04-21 13:00:38 [info]: Templates already seeded (5 templates found) 
2026-04-21 13:00:47 [info]: Server running on port 5000 in development mode 
2026-04-21 13:00:48 [info]: MongoDB connected successfully 
2026-04-21 13:00:49 [info]: Templates already seeded (5 templates found) 
2026-04-21 13:01:01 [info]: Server running on port 5000 in development mode 
2026-04-21 13:01:02 [info]: MongoDB connected successfully 
2026-04-21 13:01:03 [info]: Templates already seeded (5 templates found) 
2026-04-21 13:01:22 [info]: Server running on port 5000 in development mode 
2026-04-21 13:01:22 [info]: MongoDB connected successfully 
2026-04-21 13:01:23 [info]: Templates already seeded (5 templates found) 
2026-04-21 13:30:50 [info]: Server running on port 5000 in development mode 
2026-04-21 13:30:52 [info]: MongoDB connected successfully 
2026-04-21 13:30:53 [info]: Templates already seeded (5 templates found) 
2026-04-21 13:54:51 [info]: Server running on port 5000 in development mode 
2026-04-21 13:54:51 [info]: MongoDB connected successfully 
2026-04-21 13:54:53 [info]: Templates already seeded (5 templates found) 
2026-04-21 13:58:12 [info]: Server running on port 5000 in development mode 
2026-04-21 13:58:13 [info]: MongoDB connected successfully 
2026-04-21 13:58:14 [info]: Templates already seeded (5 templates found) 
2026-04-21 13:58:22 [info]: Server running on port 5000 in development mode 
2026-04-21 13:58:22 [info]: MongoDB connected successfully 
2026-04-21 13:58:23 [info]: Templates already seeded (5 templates found) 
2026-04-21 13:58:31 [info]: Server running on port 5000 in development mode 
2026-04-21 13:58:32 [info]: MongoDB connected successfully 
2026-04-21 13:58:33 [info]: Templates already seeded (5 templates found) 
2026-04-21 13:58:43 [info]: Server running on port 5000 in development mode 
2026-04-21 13:58:44 [info]: MongoDB connected successfully 
2026-04-21 13:58:45 [info]: Templates already seeded (5 templates found) 
2026-04-21 13:59:29 [info]: Server running on port 5000 in development mode 
2026-04-21 13:59:30 [info]: MongoDB connected successfully 
2026-04-21 13:59:31 [info]: Templates already seeded (5 templates found) 
2026-04-21 13:59:52 [info]: [Engine] Incoming: "hi" from: 9043263672 (Step: start) 
2026-04-21 13:59:56 [info]: [Engine] Incoming: "harish" from: 9043263672 (Step: get_name) 
2026-04-21 13:59:56 [info]: [Engine] Matched Flow: ID 69e724059446a00d0bce1fd6 (Action: SAVE_SERVICE) 
2026-04-21 14:00:01 [info]: [Engine] Incoming: "haircut" from: 9043263672 (Step: get_service) 
2026-04-21 14:00:01 [info]: [Engine] Matched Flow: ID 69e724059446a00d0bce1fd7 (Action: SAVE_DATE) 
2026-04-21 14:00:12 [info]: [BusinessRoute] Fetching context for ID: 69e71b1fb43ad4c19c021466 
2026-04-21 14:00:12 [info]: [BusinessRoute] Fetching context for ID: 69e71b1fb43ad4c19c021466 
2026-04-21 14:50:11 [info]: Server running on port 5000 in development mode 
2026-04-21 14:50:12 [info]: MongoDB connected successfully 
2026-04-21 14:50:13 [info]: Templates already seeded (5 templates found) 
2026-04-21 14:50:17 [info]: [BusinessRoute] Fetching context for ID: 69e71b1fb43ad4c19c021466 
2026-04-21 14:50:17 [info]: [BusinessRoute] Fetching context for ID: 69e71b1fb43ad4c19c021466 
2026-04-21 14:53:31 [info]: [Engine] Incoming: "hi" from: 9043263671 (Step: get_service) 
2026-04-21 14:53:35 [info]: [Engine] Incoming: "harish" from: 9043263671 (Step: get_name) 
2026-04-21 14:53:35 [info]: [Engine] Matched Flow: ID 69e724059446a00d0bce1fd6 (Action: SAVE_SERVICE) 
2026-04-21 14:53:39 [info]: [Engine] Incoming: "haircut" from: 9043263671 (Step: get_service) 
2026-04-21 14:53:39 [info]: [Engine] Matched Flow: ID 69e724059446a00d0bce1fd7 (Action: SAVE_DATE) 
2026-04-21 15:01:09 [info]: [Engine] Incoming: "hi" from: 9043263671 (Step: get_service) 
2026-04-21 15:01:15 [info]: [Engine] Incoming: "harish" from: 9043263671 (Step: get_name) 
2026-04-21 15:01:15 [info]: [Engine] Matched Flow: ID 69e724059446a00d0bce1fd6 (Action: SAVE_SERVICE) 
2026-04-21 15:01:21 [info]: [Engine] Incoming: "haircut" from: 9043263671 (Step: get_service) 
2026-04-21 15:01:21 [info]: [Engine] Matched Flow: ID 69e724059446a00d0bce1fd7 (Action: SAVE_DATE) 
2026-04-21 15:05:20 [info]: [BusinessRoute] Fetching context for ID: 69e71b1fb43ad4c19c021466 
2026-04-21 15:05:21 [info]: [BusinessRoute] Fetching context for ID: 69e71b1fb43ad4c19c021466 
2026-04-21 15:09:10 [info]: [Engine] Incoming: "hi" from: 9043263671 (Step: get_service) 
2026-04-21 15:09:15 [info]: [Engine] Incoming: "harish" from: 9043263671 (Step: get_name) 
2026-04-21 15:09:15 [info]: [Engine] Matched Flow: ID 69e724059446a00d0bce1fd6 (Action: SAVE_SERVICE) 
2026-04-21 15:09:20 [info]: [Engine] Incoming: "haircut" from: 9043263671 (Step: get_service) 
2026-04-21 15:09:20 [info]: [Engine] Matched Flow: ID 69e724059446a00d0bce1fd7 (Action: SAVE_DATE) 
2026-04-21 15:11:29 [info]: Server running on port 5000 in development mode 
2026-04-21 15:11:29 [info]: MongoDB connected successfully 
2026-04-21 15:11:30 [info]: Templates already seeded (5 templates found) 
2026-04-21 15:14:39 [info]: Server running on port 5000 in development mode 
2026-04-21 15:14:40 [info]: MongoDB connected successfully 
2026-04-21 15:14:40 [info]: Templates already seeded (5 templates found) 
2026-04-21 15:14:49 [info]: Server running on port 5000 in development mode 
2026-04-21 15:14:50 [info]: MongoDB connected successfully 
2026-04-21 15:14:50 [info]: Templates already seeded (5 templates found) 
2026-04-21 15:14:58 [info]: Server running on port 5000 in development mode 
2026-04-21 15:14:58 [info]: MongoDB connected successfully 
2026-04-21 15:14:59 [info]: Templates already seeded (5 templates found) 
2026-04-21 15:16:00 [info]: [Engine] Incoming: "hi" from: 9043263671 (Step: get_service) 
2026-04-21 15:16:04 [info]: [Engine] Incoming: "harish" from: 9043263671 (Step: get_name) 
2026-04-21 15:16:04 [info]: [Engine] Matched Flow: get_name -> get_service (Action: SAVE_SERVICE) 
2026-04-21 15:16:08 [info]: [Engine] Incoming: "haircut" from: 9043263671 (Step: get_service) 
2026-04-21 15:16:09 [info]: [Engine] Matched Flow: get_service -> get_date (Action: SAVE_DATE) 
2026-04-21 15:20:19 [info]: [Engine] Incoming: "hi" from: 9043263671 (Step: get_service) 
2026-04-21 15:20:23 [info]: [Engine] Incoming: "harish" from: 9043263671 (Step: get_name) 
2026-04-21 15:20:24 [info]: [Engine] Matched Flow: get_name -> get_service (Action: SAVE_SERVICE) 
2026-04-21 15:20:29 [info]: [Engine] Incoming: "Haircut" from: 9043263671 (Step: get_service) 
2026-04-21 15:20:29 [info]: [Engine] Matched Flow: get_service -> get_date (Action: SAVE_DATE) 
2026-04-21 15:20:36 [info]: [BusinessRoute] Fetching context for ID: 69e71b1fb43ad4c19c021466 
2026-04-21 15:20:37 [info]: [BusinessRoute] Fetching context for ID: 69e71b1fb43ad4c19c021466 
2026-04-21 15:21:42 [info]: [BusinessRoute] Fetching context for ID: 69e71b1fb43ad4c19c021466 
2026-04-21 15:21:42 [info]: [BusinessRoute] Fetching context for ID: 69e71b1fb43ad4c19c021466 
2026-04-21 15:25:43 [info]: Server running on port 5000 in development mode 
2026-04-21 15:25:44 [info]: MongoDB connected successfully 
2026-04-21 15:25:44 [info]: Templates already seeded (5 templates found) 
2026-04-21 15:25:50 [info]: Server running on port 5000 in development mode 
2026-04-21 15:25:51 [info]: MongoDB connected successfully 
2026-04-21 15:25:51 [info]: Templates already seeded (5 templates found) 
2026-04-21 15:25:54 [info]: Server running on port 5000 in development mode 
2026-04-21 15:25:54 [info]: MongoDB connected successfully 
2026-04-21 15:25:55 [info]: Templates already seeded (5 templates found) 
2026-04-21 15:26:05 [info]: Server running on port 5000 in development mode 
2026-04-21 15:26:06 [info]: MongoDB connected successfully 
2026-04-21 15:26:06 [info]: Templates already seeded (5 templates found) 
2026-04-21 15:26:12 [info]: Server running on port 5000 in development mode 
2026-04-21 15:26:13 [info]: MongoDB connected successfully 
2026-04-21 15:26:14 [info]: Templates already seeded (5 templates found) 
2026-04-21 15:26:19 [info]: Server running on port 5000 in development mode 
2026-04-21 15:26:19 [info]: MongoDB connected successfully 
2026-04-21 15:26:20 [info]: Templates already seeded (5 templates found) 
2026-04-21 15:26:30 [info]: Server running on port 5000 in development mode 
2026-04-21 15:26:30 [info]: MongoDB connected successfully 
2026-04-21 15:26:31 [info]: Templates already seeded (5 templates found) 
2026-04-21 15:26:38 [info]: Server running on port 5000 in development mode 
2026-04-21 15:26:39 [info]: MongoDB connected successfully 
2026-04-21 15:26:39 [info]: Templates already seeded (5 templates found) 
2026-04-21 15:26:51 [info]: Server running on port 5000 in development mode 
2026-04-21 15:26:52 [info]: MongoDB connected successfully 
2026-04-21 15:26:53 [info]: Templates already seeded (5 templates found) 
2026-04-21 15:27:00 [info]: Server running on port 5000 in development mode 
2026-04-21 15:27:00 [info]: MongoDB connected successfully 
2026-04-21 15:27:01 [info]: Templates already seeded (5 templates found) 
2026-04-21 15:27:16 [info]: Server running on port 5000 in development mode 
2026-04-21 15:27:17 [info]: MongoDB connected successfully 
2026-04-21 15:27:18 [info]: Templates already seeded (5 templates found) 
2026-04-21 15:27:41 [info]: Server running on port 5000 in development mode 
2026-04-21 15:27:41 [info]: MongoDB connected successfully 
2026-04-21 15:27:42 [info]: Templates already seeded (5 templates found) 
2026-04-21 15:28:18 [info]: Server running on port 5000 in development mode 
2026-04-21 15:28:18 [info]: MongoDB connected successfully 
2026-04-21 15:28:19 [info]: Templates already seeded (5 templates found) 
2026-04-21 15:29:37 [info]: [BusinessRoute] Fetching context for ID: 69e71b1fb43ad4c19c021466 
2026-04-21 15:29:37 [info]: [BusinessRoute] Fetching context for ID: 69e71b1fb43ad4c19c021466 
2026-04-21 15:29:46 [info]: [BusinessRoute] Fetching context for ID: 69e71b1fb43ad4c19c021466 
2026-04-21 15:31:14 [info]: [BusinessRoute] Fetching context for ID: 69e71b1fb43ad4c19c021466 
2026-04-21 15:31:57 [info]: [BusinessRoute] Fetching context for ID: 69e71b1fb43ad4c19c021466 
2026-04-21 15:32:14 [info]: [BusinessRoute] Fetching context for ID: 69e71b1fb43ad4c19c021466 
2026-04-21 15:32:23 [info]: [BusinessRoute] Fetching context for ID: 69e71b1fb43ad4c19c021466 
2026-04-21 15:32:41 [info]: [BusinessRoute] Fetching context for ID: 69e71b1fb43ad4c19c021466 
2026-04-21 15:33:00 [info]: Server running on port 5000 in development mode 
2026-04-21 15:33:00 [info]: MongoDB connected successfully 
2026-04-21 15:33:01 [info]: Templates already seeded (5 templates found) 
2026-04-21 15:34:57 [info]: Server running on port 5000 in development mode 
2026-04-21 15:34:57 [info]: MongoDB connected successfully 
2026-04-21 15:34:58 [info]: Templates already seeded (5 templates found) 
2026-04-21 15:35:12 [info]: [BusinessRoute] Fetching context for ID: 69e71b1fb43ad4c19c021466 
2026-04-21 15:35:12 [info]: [BusinessRoute] Fetching context for ID: 69e71b1fb43ad4c19c021466 
2026-04-21 15:35:18 [info]: [SEEDER] Successfully seeded 5 flows for business 69e71b1fb43ad4c19c021466 (BASIC) 
2026-04-21 15:35:50 [info]: [Engine] Incoming: "hi" from: 9043263671 (Step: get_service) 
2026-04-21 15:35:56 [info]: [Engine] Incoming: "harish" from: 9043263671 (Step: get_name) 
2026-04-21 15:35:56 [info]: [Engine] Matched Flow: get_name -> get_service (Action: SAVE_NAME) 
2026-04-21 15:36:03 [info]: [Engine] Incoming: "Haircut" from: 9043263671 (Step: get_service) 
2026-04-21 15:36:03 [info]: [Engine] Matched Flow: get_service -> get_date (Action: SAVE_SERVICE) 
2026-04-21 15:36:15 [info]: [Engine] Incoming: "20/04/2026" from: 9043263671 (Step: get_date) 
2026-04-21 15:36:15 [info]: [Engine] Matched Flow: get_date -> confirm (Action: SAVE_DATE) 
2026-04-21 15:36:24 [info]: [Engine] Incoming: "20/05/2026" from: 9043263671 (Step: get_date) 
2026-04-21 15:36:24 [info]: [Engine] Matched Flow: get_date -> confirm (Action: SAVE_DATE) 
2026-04-21 15:36:29 [info]: [Engine] Incoming: "yes" from: 9043263671 (Step: confirm) 
2026-04-21 15:36:29 [info]: [Engine] Matched Flow: confirm -> start (Action: BOOK_APPOINTMENT) 
2026-04-21 15:36:40 [info]: [Engine] Incoming: "10:00 AM" from: 9043263671 (Step: confirm) 
2026-04-21 15:36:40 [warn]: [Engine] No match for "10:00 AM" at step "confirm" 
2026-04-21 15:38:42 [info]: Server running on port 5000 in development mode 
2026-04-21 15:38:43 [info]: MongoDB connected successfully 
2026-04-21 15:38:43 [info]: Templates already seeded (5 templates found) 
2026-04-21 15:38:53 [info]: [BusinessRoute] Fetching context for ID: 69e71b1fb43ad4c19c021466 
2026-04-21 15:38:53 [info]: [BusinessRoute] Fetching context for ID: 69e71b1fb43ad4c19c021466 
2026-04-21 15:40:10 [debug]: [SuperAdmin] Dashboard Unified Analytics: {"totalRevenue":999,"mrr":999,"merchantGMV":0,"subRevenue":999,"activePaidCount":1}
2026-04-21 15:40:11 [debug]: [SuperAdmin] Dashboard Unified Analytics: {"totalRevenue":999,"mrr":999,"merchantGMV":0,"subRevenue":999,"activePaidCount":1}
2026-04-21 15:40:44 [info]: [BusinessRoute] Fetching context for ID: 69e5fe5b47850889bd88a20b 
2026-04-21 15:40:44 [warn]: [BusinessRoute] Business NOT FOUND in DB for ID: 69e5fe5b47850889bd88a20b 
2026-04-21 15:40:44 [info]: [BusinessRoute] Fetching context for ID: 69e5fe5b47850889bd88a20b 
2026-04-21 15:40:44 [warn]: [BusinessRoute] Business NOT FOUND in DB for ID: 69e5fe5b47850889bd88a20b 
2026-04-21 15:40:51 [error]: Error: Business not found for ID: 69e5fe5b47850889bd88a20b
    at ChatbotSeederService.seedFlowsForBusiness (file:///E:/Whatsapp%20API%20automation/backend/services/chatbotSeederService.js:22:15)
    at process.processTicksAndRejections (node:internal/process/task_queues:104:5)
    at async ChatbotController.seedFlows (file:///E:/Whatsapp%20API%20automation/backend/controllers/chatbotController.js:224:7) 
2026-04-21 15:40:51 [error]: Error: Business not found for ID: 69e5fe5b47850889bd88a20b
    at ChatbotSeederService.seedFlowsForBusiness (file:///E:/Whatsapp%20API%20automation/backend/services/chatbotSeederService.js:22:15)
    at process.processTicksAndRejections (node:internal/process/task_queues:104:5)
    at async ChatbotController.seedFlows (file:///E:/Whatsapp%20API%20automation/backend/controllers/chatbotController.js:224:7) 
2026-04-21 15:40:58 [info]: [BusinessRoute] Fetching context for ID: 69e5fe5b47850889bd88a20b 
2026-04-21 15:40:58 [warn]: [BusinessRoute] Business NOT FOUND in DB for ID: 69e5fe5b47850889bd88a20b 
2026-04-21 15:40:58 [info]: [BusinessRoute] Fetching context for ID: 69e5fe5b47850889bd88a20b 
2026-04-21 15:40:58 [warn]: [BusinessRoute] Business NOT FOUND in DB for ID: 69e5fe5b47850889bd88a20b 
2026-04-21 15:41:01 [error]: Error: Business not found for ID: 69e5fe5b47850889bd88a20b
    at ChatbotSeederService.seedFlowsForBusiness (file:///E:/Whatsapp%20API%20automation/backend/services/chatbotSeederService.js:22:15)
    at process.processTicksAndRejections (node:internal/process/task_queues:104:5)
    at async ChatbotController.seedFlows (file:///E:/Whatsapp%20API%20automation/backend/controllers/chatbotController.js:224:7) 
2026-04-21 15:41:01 [error]: Error: Business not found for ID: 69e5fe5b47850889bd88a20b
    at ChatbotSeederService.seedFlowsForBusiness (file:///E:/Whatsapp%20API%20automation/backend/services/chatbotSeederService.js:22:15)
    at process.processTicksAndRejections (node:internal/process/task_queues:104:5)
    at async ChatbotController.seedFlows (file:///E:/Whatsapp%20API%20automation/backend/controllers/chatbotController.js:224:7) 
2026-04-21 15:41:13 [info]: [BusinessRoute] Fetching context for ID: 69e5fe5b47850889bd88a20b 
2026-04-21 15:41:13 [warn]: [BusinessRoute] Business NOT FOUND in DB for ID: 69e5fe5b47850889bd88a20b 
2026-04-21 15:41:13 [info]: [BusinessRoute] Fetching context for ID: 69e5fe5b47850889bd88a20b 
2026-04-21 15:41:13 [warn]: [BusinessRoute] Business NOT FOUND in DB for ID: 69e5fe5b47850889bd88a20b 
2026-04-21 15:43:45 [info]: [BusinessRoute] Fetching context for ID: 69e5fe5b47850889bd88a20b 
2026-04-21 15:43:45 [warn]: [BusinessRoute] Business NOT FOUND in DB for ID: 69e5fe5b47850889bd88a20b 
2026-04-21 15:43:45 [info]: [BusinessRoute] Fetching context for ID: 69e5fe5b47850889bd88a20b 
2026-04-21 15:43:45 [warn]: [BusinessRoute] Business NOT FOUND in DB for ID: 69e5fe5b47850889bd88a20b 
2026-04-21 15:44:09 [info]: Server running on port 5000 in development mode 
2026-04-21 15:44:09 [info]: MongoDB connected successfully 
2026-04-21 15:44:10 [info]: Templates already seeded (5 templates found) 
2026-04-21 15:44:32 [info]: Server running on port 5000 in development mode 
2026-04-21 15:44:33 [info]: MongoDB connected successfully 
2026-04-21 15:44:34 [info]: Templates already seeded (5 templates found) 
2026-04-21 15:47:04 [info]: [SEEDER] Successfully seeded 0 flows for business 69e74ea0c5de79e08850e2b9 (FREE) 
2026-04-21 15:47:29 [info]: [BusinessRoute] Fetching context for ID: 69e74ea0c5de79e08850e2b9 
2026-04-21 15:47:30 [info]: [BusinessRoute] Fetching context for ID: 69e74ea0c5de79e08850e2b9 
2026-04-21 15:47:34 [info]: [SEEDER] Successfully seeded 0 flows for business 69e74ea0c5de79e08850e2b9 (FREE) 
2026-04-21 15:49:07 [info]: Server running on port 5000 in development mode 
2026-04-21 15:49:08 [info]: MongoDB connected successfully 
2026-04-21 15:49:09 [info]: Templates already seeded (5 templates found) 
2026-04-21 15:59:27 [info]: Server running on port 5000 in development mode 
2026-04-21 15:59:28 [info]: MongoDB connected successfully 
2026-04-21 15:59:29 [info]: Templates already seeded (5 templates found) 
2026-04-21 16:00:00 [info]: [BusinessRoute] Fetching context for ID: 69e74ea0c5de79e08850e2b9 
2026-04-21 16:00:00 [info]: [BusinessRoute] Fetching context for ID: 69e74ea0c5de79e08850e2b9 
2026-04-21 16:00:04 [info]: [SEEDER] Successfully seeded 0 flows for business 69e74ea0c5de79e08850e2b9 (FREE) 
2026-04-21 16:17:38 [info]: Server running on port 5000 in development mode 
2026-04-21 16:17:39 [info]: MongoDB connected successfully 
2026-04-21 16:17:40 [info]: Templates already seeded (5 templates found) 
2026-04-21 16:17:47 [info]: [BusinessRoute] Fetching context for ID: 69e74ea0c5de79e08850e2b9 
2026-04-21 16:17:47 [info]: [BusinessRoute] Fetching context for ID: 69e74ea0c5de79e08850e2b9 
2026-04-21 16:20:00 [info]: Server running on port 5000 in development mode 
2026-04-21 16:20:00 [info]: MongoDB connected successfully 
2026-04-21 16:20:01 [info]: Templates already seeded (5 templates found) 
2026-04-21 16:20:37 [debug]: [SuperAdmin] Dashboard Unified Analytics: {"totalRevenue":999,"mrr":999,"merchantGMV":0,"subRevenue":999,"activePaidCount":1}
2026-04-21 16:20:37 [debug]: [SuperAdmin] Dashboard Unified Analytics: {"totalRevenue":999,"mrr":999,"merchantGMV":0,"subRevenue":999,"activePaidCount":1}
2026-04-21 16:20:58 [info]: [SEEDER] FREE plan detected. Seeding only the first flow from basic-ecommerce.json 
2026-04-21 16:20:58 [info]: [SEEDER] Successfully seeded 1 flows for business 69e74ea0c5de79e08850e2b9 (FREE) 
2026-04-21 16:21:40 [info]: [Engine] Incoming: "hi" from: 9043263671 (Step: start) 
2026-04-21 16:21:49 [info]: [Engine] Incoming: "products" from: 9043263671 (Step: browse) 
2026-04-21 16:21:49 [warn]: [Engine] No match for "products" at step "browse" 
2026-04-21 18:02:27 [info]: Server running on port 5000 in development mode 
2026-04-21 18:02:29 [info]: MongoDB connected successfully 
2026-04-21 18:02:30 [info]: Templates already seeded (5 templates found) 
2026-04-21 18:02:41 [info]: [BusinessRoute] Fetching context for ID: 69e71b1fb43ad4c19c021466 
2026-04-21 18:02:41 [info]: [BusinessRoute] Fetching context for ID: 69e71b1fb43ad4c19c021466 
2026-04-21 18:03:21 [debug]: [SuperAdmin] Dashboard Unified Analytics: {"totalRevenue":999,"mrr":999,"merchantGMV":0,"subRevenue":999,"activePaidCount":1}
2026-04-21 18:03:22 [debug]: [SuperAdmin] Dashboard Unified Analytics: {"totalRevenue":999,"mrr":999,"merchantGMV":0,"subRevenue":999,"activePaidCount":1}
2026-04-21 18:04:14 [debug]: [SuperAdmin] Dashboard Unified Analytics: {"totalRevenue":999,"mrr":999,"merchantGMV":0,"subRevenue":999,"activePaidCount":1}
2026-04-21 18:04:14 [debug]: [SuperAdmin] Dashboard Unified Analytics: {"totalRevenue":999,"mrr":999,"merchantGMV":0,"subRevenue":999,"activePaidCount":1}
2026-04-21 18:06:58 [info]: [SEEDER] Successfully seeded 8 flows for business 69e76f69a4aea6a4366cd5e8 (PRO) 
2026-04-21 18:06:59 [info]: [SEEDER] Successfully seeded 8 flows for business 69e76f69a4aea6a4366cd5e8 (PRO) 
2026-04-21 18:07:17 [info]: [BusinessRoute] Fetching context for ID: 69e76f69a4aea6a4366cd5e8 
2026-04-21 18:07:18 [info]: [BusinessRoute] Fetching context for ID: 69e76f69a4aea6a4366cd5e8 
2026-04-21 18:07:24 [info]: [SEEDER] Successfully seeded 8 flows for business 69e76f69a4aea6a4366cd5e8 (PRO) 
2026-04-21 18:09:17 [info]: [Engine] Incoming: "hi" from: 9043263671 (Step: start) 
2026-04-21 18:09:24 [info]: [Engine] Incoming: "1" from: 9043263671 (Step: main_menu) 
2026-04-21 18:09:24 [info]: [Engine] Matched Flow: main_menu -> select_product (Action: SHOW_PRODUCTS) 
2026-04-21 18:09:53 [info]: [Engine] Incoming: "2" from: 9043263671 (Step: select_product) 
2026-04-21 18:09:53 [info]: [Engine] Matched Flow: select_product -> get_quantity (Action: SELECT_PRODUCT) 
2026-04-21 18:09:59 [info]: [Engine] Incoming: "3" from: 9043263671 (Step: select_product) 
2026-04-21 18:10:00 [info]: [Engine] Matched Flow: select_product -> get_quantity (Action: SELECT_PRODUCT) 
2026-04-21 18:10:06 [info]: [Engine] Incoming: "hi" from: 9043263671 (Step: select_product) 
2026-04-21 18:14:05 [info]: [SEEDER] Successfully seeded 12 flows for business 69e77114a4aea6a4366cd6b8 (ENTERPRISE) 
2026-04-21 18:14:05 [info]: [SEEDER] Successfully seeded 12 flows for business 69e77114a4aea6a4366cd6b8 (ENTERPRISE) 
2026-04-21 18:14:17 [info]: [BusinessRoute] Fetching context for ID: 69e77114a4aea6a4366cd6b8 
2026-04-21 18:14:17 [info]: [BusinessRoute] Fetching context for ID: 69e77114a4aea6a4366cd6b8 
2026-04-21 18:14:25 [info]: [SEEDER] Successfully seeded 12 flows for business 69e77114a4aea6a4366cd6b8 (ENTERPRISE) 
2026-04-21 18:14:54 [info]: [Engine] Incoming: "hi" from: 9043263671 (Step: start) 
2026-04-21 18:15:10 [info]: [Engine] Incoming: "1" from: 9043263671 (Step: main_menu) 
2026-04-21 18:15:10 [info]: [Engine] Matched Flow: main_menu -> select_product (Action: SHOW_PRODUCTS) 
2026-04-21 18:19:52 [info]: [BusinessRoute] Fetching context for ID: 69e77114a4aea6a4366cd6b8 
2026-04-21 18:19:52 [info]: [BusinessRoute] Fetching context for ID: 69e77114a4aea6a4366cd6b8 
2026-04-21 18:21:52 [info]: [BusinessRoute] Fetching context for ID: 69e77114a4aea6a4366cd6b8 
2026-04-21 18:21:52 [info]: [BusinessRoute] Fetching context for ID: 69e77114a4aea6a4366cd6b8 
2026-04-21 18:22:33 [info]: [BusinessRoute] Fetching context for ID: 69e76f69a4aea6a4366cd5e8 
2026-04-21 18:22:34 [info]: [BusinessRoute] Fetching context for ID: 69e76f69a4aea6a4366cd5e8 
2026-04-21 18:23:24 [warn]: Validation error: 
2026-04-21 18:26:43 [info]: Server running on port 5000 in development mode 
2026-04-21 18:26:44 [info]: MongoDB connected successfully 
2026-04-21 18:26:45 [info]: Templates already seeded (5 templates found) 
2026-04-21 18:28:12 [warn]: Validation error: {"0":{"origin":"string","code":"too_small","minimum":6,"inclusive":true,"path":["password"],"message":"Password must be at least 6 characters"}}
2026-04-21 18:29:54 [info]: Server running on port 5000 in development mode 
2026-04-21 18:29:54 [info]: MongoDB connected successfully 
2026-04-21 18:29:55 [info]: Templates already seeded (5 templates found) 
2026-04-21 18:30:03 [info]: Server running on port 5000 in development mode 
2026-04-21 18:30:03 [info]: MongoDB connected successfully 
2026-04-21 18:30:04 [info]: Templates already seeded (5 templates found) 
2026-04-22 05:53:39 [info]: Server running on port 5000 in development mode 
2026-04-22 05:53:39 [info]: MongoDB connected successfully 
2026-04-22 05:53:41 [info]: Templates already seeded (5 templates found) 
2026-04-22 05:54:14 [info]: [BusinessRoute] Fetching context for ID: 69e71b1fb43ad4c19c021466 
2026-04-22 05:54:14 [info]: [BusinessRoute] Fetching context for ID: 69e71b1fb43ad4c19c021466 
2026-04-22 05:55:39 [info]: [Engine] Incoming: "hi" from: 9043263671 (Step: confirm) 
2026-04-22 05:55:46 [info]: [Engine] Incoming: "harish" from: 9043263671 (Step: get_name) 
2026-04-22 05:55:46 [info]: [Engine] Matched Flow: get_name -> get_service (Action: SAVE_NAME) 
2026-04-22 05:55:50 [info]: [Engine] Incoming: "shave" from: 9043263671 (Step: get_service) 
2026-04-22 05:55:50 [info]: [Engine] Matched Flow: get_service -> get_date (Action: SAVE_SERVICE) 
2026-04-22 05:55:59 [info]: [Engine] Incoming: "22/06/2026" from: 9043263671 (Step: get_date) 
2026-04-22 05:55:59 [info]: [Engine] Matched Flow: get_date -> confirm (Action: SAVE_DATE) 
2026-04-22 05:56:03 [info]: [Engine] Incoming: "yes" from: 9043263671 (Step: confirm) 
2026-04-22 05:56:03 [info]: [Engine] Matched Flow: confirm -> start (Action: BOOK_APPOINTMENT) 
2026-04-22 05:56:09 [info]: [Engine] Incoming: "10:00 AM" from: 9043263671 (Step: confirm) 
2026-04-22 05:56:09 [warn]: [Engine] No match for "10:00 AM" at step "confirm" 
2026-04-22 05:56:41 [info]: [BusinessRoute] Fetching context for ID: 69e71b1fb43ad4c19c021466 
2026-04-22 05:56:41 [info]: [BusinessRoute] Fetching context for ID: 69e71b1fb43ad4c19c021466 
2026-04-22 05:58:53 [info]: Server running on port 5000 in development mode 
2026-04-22 05:58:54 [info]: MongoDB connected successfully 
2026-04-22 05:58:55 [info]: Templates already seeded (5 templates found) 
2026-04-22 06:03:49 [info]: Server running on port 5000 in development mode 
2026-04-22 06:03:49 [info]: MongoDB connected successfully 
2026-04-22 06:03:50 [info]: Templates already seeded (5 templates found) 
2026-04-22 06:04:56 [info]: [Engine] Incoming: "hi" from: 9043263671 (Step: confirm) 
2026-04-22 06:05:00 [info]: [Engine] Incoming: "harish" from: 9043263671 (Step: get_name) 
2026-04-22 06:05:00 [info]: [Engine] Matched Flow: get_name -> get_service (Action: SAVE_NAME) 
2026-04-22 06:05:04 [info]: [Engine] Incoming: "shave" from: 9043263671 (Step: get_service) 
2026-04-22 06:05:04 [info]: [Engine] Matched Flow: get_service -> get_date (Action: SAVE_SERVICE) 
2026-04-22 06:05:16 [info]: [Engine] Incoming: "23/04/2026" from: 9043263671 (Step: get_date) 
2026-04-22 06:05:16 [info]: [Engine] Matched Flow: get_date -> confirm (Action: SAVE_DATE) 
2026-04-22 06:05:20 [info]: [Engine] Incoming: "yes" from: 9043263671 (Step: confirm) 
2026-04-22 06:05:20 [info]: [Engine] Matched Flow: confirm -> start (Action: BOOK_APPOINTMENT) 
2026-04-22 06:07:49 [info]: [BusinessRoute] Fetching context for ID: 69e71b1fb43ad4c19c021466 
2026-04-22 06:07:49 [info]: [BusinessRoute] Fetching context for ID: 69e71b1fb43ad4c19c021466 
2026-04-22 06:11:12 [info]: Server running on port 5000 in development mode 
2026-04-22 06:11:13 [info]: MongoDB connected successfully 
2026-04-22 06:11:13 [info]: Templates already seeded (5 templates found) 
2026-04-22 06:14:28 [info]: Server running on port 5000 in development mode 
2026-04-22 06:14:29 [info]: MongoDB connected successfully 
2026-04-22 06:14:30 [info]: Templates already seeded (5 templates found) 
2026-04-22 06:17:17 [info]: [Engine] Incoming: "hi" from: 9043263671 (Step: start) 
2026-04-22 06:17:41 [info]: [Engine] Incoming: "harish" from: 9043263671 (Step: get_name) 
2026-04-22 06:17:41 [info]: [Engine] Matched Flow: get_name -> get_service (Action: SAVE_NAME) 
2026-04-22 06:17:45 [info]: [Engine] Incoming: "sahve" from: 9043263671 (Step: get_service) 
2026-04-22 06:17:45 [info]: [Engine] Matched Flow: get_service -> get_date (Action: SAVE_SERVICE) 
2026-04-22 06:18:05 [info]: [Engine] Incoming: "23/04/2026" from: 9043263671 (Step: get_date) 
2026-04-22 06:18:05 [info]: [Engine] Matched Flow: get_date -> confirm (Action: SAVE_DATE) 
2026-04-22 06:18:08 [info]: [Engine] Incoming: "yes" from: 9043263671 (Step: confirm) 
2026-04-22 06:18:08 [info]: [Engine] Matched Flow: confirm -> start (Action: BOOK_APPOINTMENT) 
2026-04-22 06:18:24 [info]: [Engine] Incoming: "24/07/2026" from: 9043263671 (Step: confirm) 
2026-04-22 06:18:25 [warn]: [Engine] No match for "24/07/2026" at step "confirm" 
2026-04-22 06:18:37 [info]: [BusinessRoute] Fetching context for ID: 69e71b1fb43ad4c19c021466 
2026-04-22 06:18:37 [info]: [BusinessRoute] Fetching context for ID: 69e71b1fb43ad4c19c021466 
2026-04-22 06:21:31 [info]: [Engine] Incoming: "hi" from: 9043263671 (Step: confirm) 
2026-04-22 06:26:30 [info]: Server running on port 5000 in development mode 
2026-04-22 06:26:30 [info]: MongoDB connected successfully 
2026-04-22 06:26:31 [info]: Templates already seeded (5 templates found) 
2026-04-22 06:26:36 [info]: Server running on port 5000 in development mode 
2026-04-22 06:26:36 [info]: MongoDB connected successfully 
2026-04-22 06:26:37 [info]: Templates already seeded (5 templates found) 
2026-04-22 06:26:44 [info]: Server running on port 5000 in development mode 
2026-04-22 06:26:45 [info]: MongoDB connected successfully 
2026-04-22 06:26:45 [info]: Templates already seeded (5 templates found) 
2026-04-22 06:27:00 [info]: Server running on port 5000 in development mode 
2026-04-22 06:27:00 [info]: MongoDB connected successfully 
2026-04-22 06:27:01 [info]: Templates already seeded (5 templates found) 
2026-04-22 06:27:27 [info]: Server running on port 5000 in development mode 
2026-04-22 06:27:27 [info]: MongoDB connected successfully 
2026-04-22 06:27:28 [info]: Templates already seeded (5 templates found) 
2026-04-22 06:29:00 [info]: Server running on port 5000 in development mode 
2026-04-22 06:29:00 [info]: MongoDB connected successfully 
2026-04-22 06:29:01 [info]: Templates already seeded (5 templates found) 
2026-04-22 06:29:43 [info]: [Engine] Incoming: "hi" from: 9043263671 (Step: get_name) 
2026-04-22 06:30:10 [info]: [Engine] Incoming: "hi" from: 9043263671 (Step: get_name) 
2026-04-22 06:31:30 [info]: Server running on port 5000 in development mode 
2026-04-22 06:31:31 [info]: MongoDB connected successfully 
2026-04-22 06:31:31 [info]: Templates already seeded (5 templates found) 
2026-04-22 06:32:46 [info]: Server running on port 5000 in development mode 
2026-04-22 06:32:48 [info]: MongoDB connected successfully 
2026-04-22 06:32:49 [info]: Templates already seeded (5 templates found) 
2026-04-22 06:33:12 [info]: [Engine] Incoming: "hi" from: 9043263671 (Step: get_name) 
2026-04-22 06:33:18 [info]: [BusinessRoute] Fetching context for ID: 69e71b1fb43ad4c19c021466 
2026-04-22 06:33:19 [info]: [BusinessRoute] Fetching context for ID: 69e71b1fb43ad4c19c021466 
2026-04-22 06:33:44 [info]: [Engine] Incoming: "hi" from: 9043263671 (Step: get_name) 
2026-04-22 06:37:39 [info]: Server running on port 5000 in development mode 
2026-04-22 06:37:43 [info]: MongoDB connected successfully 
2026-04-22 06:37:45 [info]: Templates already seeded (5 templates found) 
2026-04-22 06:39:31 [info]: Server running on port 5000 in development mode 
2026-04-22 06:39:32 [info]: MongoDB connected successfully 
2026-04-22 06:39:32 [info]: Templates already seeded (5 templates found) 
2026-04-22 06:39:36 [info]: [BusinessRoute] Fetching context for ID: 69e71b1fb43ad4c19c021466 
2026-04-22 06:39:36 [info]: [BusinessRoute] Fetching context for ID: 69e71b1fb43ad4c19c021466 
2026-04-22 06:40:36 [info]: Server running on port 5000 in development mode 
2026-04-22 06:40:36 [info]: MongoDB connected successfully 
2026-04-22 06:40:38 [info]: Templates already seeded (5 templates found) 
2026-04-22 06:43:48 [info]: Server running on port 5000 in development mode 
2026-04-22 06:43:50 [info]: MongoDB connected successfully 
2026-04-22 06:43:51 [info]: Templates already seeded (5 templates found) 
2026-04-22 06:53:36 [info]: Server running on port 5000 in development mode 
2026-04-22 06:53:36 [info]: MongoDB connected successfully 
2026-04-22 06:53:37 [info]: Templates already seeded (5 templates found) 
2026-04-22 06:53:46 [info]: Server running on port 5000 in development mode 
2026-04-22 06:53:47 [info]: MongoDB connected successfully 
2026-04-22 06:53:48 [info]: Templates already seeded (5 templates found) 
2026-04-22 06:54:23 [info]: Server running on port 5000 in development mode 
2026-04-22 06:54:24 [info]: MongoDB connected successfully 
2026-04-22 06:54:24 [info]: Templates already seeded (5 templates found) 
2026-04-22 06:55:56 [info]: [BusinessRoute] Fetching context for ID: 69e71b1fb43ad4c19c021466 
2026-04-22 06:55:56 [info]: [BusinessRoute] Fetching context for ID: 69e71b1fb43ad4c19c021466 
2026-04-22 06:57:27 [info]: [BusinessRoute] Fetching context for ID: 69e76f69a4aea6a4366cd5e8 
2026-04-22 06:57:28 [info]: [BusinessRoute] Fetching context for ID: 69e76f69a4aea6a4366cd5e8 
2026-04-22 07:02:02 [info]: Server running on port 5000 in development mode 
2026-04-22 07:02:02 [info]: MongoDB connected successfully 
2026-04-22 07:02:03 [info]: Templates already seeded (5 templates found) 
2026-04-22 07:02:08 [info]: Server running on port 5000 in development mode 
2026-04-22 07:02:09 [info]: MongoDB connected successfully 
2026-04-22 07:02:10 [info]: Templates already seeded (5 templates found) 
2026-04-22 07:03:08 [info]: [BusinessRoute] Fetching context for ID: 69e76f69a4aea6a4366cd5e8 
2026-04-22 07:03:08 [info]: [BusinessRoute] Fetching context for ID: 69e76f69a4aea6a4366cd5e8 
2026-04-22 07:05:20 [info]: Server running on port 5000 in development mode 
2026-04-22 07:05:21 [info]: MongoDB connected successfully 
2026-04-22 07:05:21 [info]: Templates already seeded (5 templates found) 
2026-04-22 07:05:42 [info]: Server running on port 5000 in development mode 
2026-04-22 07:05:46 [info]: MongoDB connected successfully 
2026-04-22 07:05:47 [info]: Templates already seeded (5 templates found) 
2026-04-22 07:06:52 [info]: Server running on port 5000 in development mode 
2026-04-22 07:06:53 [info]: MongoDB connected successfully 
2026-04-22 07:06:54 [info]: Templates already seeded (5 templates found) 
2026-04-22 07:07:48 [info]: [Engine] Incoming: "hi" from: 9043263671 (Step: main_menu) 
2026-04-22 07:07:56 [info]: [Engine] Incoming: "1" from: 9043263671 (Step: main_menu) 
2026-04-22 07:07:57 [info]: [Engine] Matched Flow: main_menu -> select_product (Action: SHOW_PRODUCTS) 
2026-04-22 07:08:03 [info]: [Engine] Incoming: "Rice" from: 9043263671 (Step: select_product) 
2026-04-22 07:08:04 [info]: [Engine] Matched Flow: select_product -> get_quantity (Action: SELECT_PRODUCT) 
2026-04-22 07:08:13 [info]: [Engine] Incoming: "Rice" from: 9043263671 (Step: get_quantity) 
2026-04-22 07:08:14 [info]: [Engine] Matched Flow: get_quantity -> get_address (Action: SAVE_QUANTITY) 
2026-04-22 07:08:24 [info]: [Engine] Incoming: "2" from: 9043263671 (Step: get_quantity) 
2026-04-22 07:08:24 [info]: [Engine] Matched Flow: get_quantity -> get_address (Action: SAVE_QUANTITY) 
2026-04-22 07:08:35 [info]: [Engine] Incoming: "salem" from: 9043263671 (Step: get_address) 
2026-04-22 07:08:36 [info]: [Engine] Matched Flow: get_address -> confirm_order (Action: SAVE_ADDRESS) 
2026-04-22 07:08:44 [info]: [Engine] Incoming: "yes" from: 9043263671 (Step: confirm_order) 
2026-04-22 07:08:44 [info]: [Engine] Matched Flow: confirm_order -> start (Action: CREATE_ORDER) 
2026-04-22 07:09:10 [info]: [BusinessRoute] Fetching context for ID: 69e76f69a4aea6a4366cd5e8 
2026-04-22 07:09:11 [info]: [BusinessRoute] Fetching context for ID: 69e76f69a4aea6a4366cd5e8 
2026-04-22 07:09:21 [info]: [BusinessRoute] Fetching context for ID: 69e76f69a4aea6a4366cd5e8 
2026-04-22 07:09:21 [info]: [BusinessRoute] Fetching context for ID: 69e76f69a4aea6a4366cd5e8 
2026-04-22 07:10:23 [info]: Server running on port 5000 in development mode 
2026-04-22 07:10:23 [info]: MongoDB connected successfully 
2026-04-22 07:10:24 [info]: Templates already seeded (5 templates found) 
2026-04-22 07:11:01 [info]: Server running on port 5000 in development mode 
2026-04-22 07:11:02 [info]: MongoDB connected successfully 
2026-04-22 07:11:03 [info]: Templates already seeded (5 templates found) 
2026-04-22 07:12:12 [info]: [BusinessRoute] Fetching context for ID: 69e76f69a4aea6a4366cd5e8 
2026-04-22 07:12:12 [info]: [BusinessRoute] Fetching context for ID: 69e76f69a4aea6a4366cd5e8 
2026-04-22 09:32:08 [info]: Server running on port 5000 in development mode 
2026-04-22 09:32:10 [info]: MongoDB connected successfully 
2026-04-22 09:32:10 [info]: Templates already seeded (5 templates found) 
2026-04-22 09:33:26 [info]: [BusinessRoute] Fetching context for ID: 69e71b1fb43ad4c19c021466 
2026-04-22 09:33:26 [info]: [BusinessRoute] Fetching context for ID: 69e71b1fb43ad4c19c021466 
2026-04-22 09:36:48 [info]: Server running on port 5000 in development mode 
2026-04-22 09:36:48 [info]: MongoDB connected successfully 
2026-04-22 09:36:49 [info]: Templates already seeded (5 templates found) 
2026-04-22 09:36:57 [info]: Server running on port 5000 in development mode 
2026-04-22 09:36:57 [info]: MongoDB connected successfully 
2026-04-22 09:36:58 [info]: Templates already seeded (5 templates found) 
2026-04-22 09:37:28 [info]: Server running on port 5000 in development mode 
2026-04-22 09:37:29 [info]: MongoDB connected successfully 
2026-04-22 09:37:30 [info]: Templates already seeded (5 templates found) 
2026-04-22 09:37:40 [info]: Server running on port 5000 in development mode 
2026-04-22 09:37:41 [info]: MongoDB connected successfully 
2026-04-22 09:37:42 [info]: Templates already seeded (5 templates found) 
2026-04-22 09:40:54 [info]: [BusinessRoute] Fetching context for ID: 69e71b1fb43ad4c19c021466 
2026-04-22 09:40:54 [info]: [BusinessRoute] Fetching context for ID: 69e71b1fb43ad4c19c021466 
2026-04-22 09:45:41 [info]: Server running on port 5000 in development mode 
2026-04-22 09:45:42 [info]: MongoDB connected successfully 
2026-04-22 09:45:43 [info]: Templates already seeded (5 templates found) 
2026-04-22 09:45:59 [info]: Server running on port 5000 in development mode 
2026-04-22 09:46:00 [info]: MongoDB connected successfully 
2026-04-22 09:46:01 [info]: Templates already seeded (5 templates found) 
2026-04-22 09:46:24 [info]: Server running on port 5000 in development mode 
2026-04-22 09:46:24 [info]: MongoDB connected successfully 
2026-04-22 09:46:25 [info]: Templates already seeded (5 templates found) 
2026-04-22 09:46:40 [info]: Server running on port 5000 in development mode 
2026-04-22 09:46:41 [info]: MongoDB connected successfully 
2026-04-22 09:46:42 [info]: Templates already seeded (5 templates found) 
2026-04-22 09:47:42 [info]: Server running on port 5000 in development mode 
2026-04-22 09:47:45 [info]: MongoDB connected successfully 
2026-04-22 09:47:48 [info]: Templates already seeded (5 templates found) 
2026-04-22 09:48:18 [info]: Server running on port 5000 in development mode 
2026-04-22 09:48:18 [info]: MongoDB connected successfully 
2026-04-22 09:48:19 [info]: Templates already seeded (5 templates found) 
2026-04-22 09:49:49 [info]: Server running on port 5000 in development mode 
2026-04-22 09:49:50 [info]: MongoDB connected successfully 
2026-04-22 09:49:51 [info]: Templates already seeded (5 templates found) 
2026-04-22 09:58:02 [info]: Server running on port 5000 in development mode 
2026-04-22 09:58:03 [info]: MongoDB connected successfully 
2026-04-22 09:58:03 [info]: Templates already seeded (5 templates found) 
2026-04-22 09:58:35 [info]: Server running on port 5000 in development mode 
2026-04-22 09:58:36 [info]: MongoDB connected successfully 
2026-04-22 09:58:37 [info]: Templates already seeded (5 templates found) 
2026-04-22 10:00:24 [info]: [Engine] Incoming: "hi" from: 9043263672 (Step: get_service) 
2026-04-22 10:00:32 [info]: [Engine] Incoming: "krishnan" from: 9043263672 (Step: get_name) 
2026-04-22 10:00:33 [info]: [Engine] Matched Flow: get_name -> get_service (Action: SAVE_NAME) 
2026-04-22 10:00:47 [info]: [Engine] Incoming: "Haircut" from: 9043263672 (Step: get_service) 
2026-04-22 10:00:48 [info]: [Engine] Matched Flow: get_service -> get_date (Action: SAVE_SERVICE) 
2026-04-22 10:01:04 [info]: [Engine] Incoming: "23/04/2026" from: 9043263672 (Step: get_date) 
2026-04-22 10:01:05 [info]: [Engine] Matched Flow: get_date -> confirm (Action: SAVE_DATE) 
2026-04-22 10:01:11 [info]: [Engine] Incoming: "yes" from: 9043263672 (Step: confirm) 
2026-04-22 10:01:11 [info]: [Engine] Matched Flow: confirm -> start (Action: BOOK_APPOINTMENT) 
2026-04-22 10:07:42 [info]: Server running on port 5000 in development mode 
2026-04-22 10:07:43 [info]: MongoDB connected successfully 
2026-04-22 10:07:44 [info]: Templates already seeded (5 templates found) 
2026-04-22 10:09:25 [info]: [Engine] Incoming: "24/04/2026" from: 9043263672 (Step: confirm) 
2026-04-22 10:09:25 [warn]: [Engine] No match for "24/04/2026" at step "confirm" 
2026-04-22 10:11:35 [info]: [Engine] Incoming: "harish" from: 9043263671 (Step: get_name) 
2026-04-22 10:11:35 [info]: [Engine] Matched Flow: get_name -> get_service (Action: SAVE_NAME) 
2026-04-22 10:11:42 [info]: [Engine] Incoming: "Shave" from: 9043263671 (Step: get_service) 
2026-04-22 10:11:43 [info]: [Engine] Matched Flow: get_service -> get_date (Action: SAVE_SERVICE) 
2026-04-22 10:12:01 [info]: [Engine] Incoming: "25/04/2026" from: 9043263671 (Step: get_date) 
2026-04-22 10:12:01 [info]: [Engine] Matched Flow: get_date -> confirm (Action: SAVE_DATE) 
2026-04-22 10:12:04 [info]: [Engine] Incoming: "yes" from: 9043263671 (Step: confirm) 
2026-04-22 10:12:04 [info]: [Engine] Matched Flow: confirm -> start (Action: BOOK_APPOINTMENT) 
2026-04-22 10:12:39 [info]: [BusinessRoute] Fetching context for ID: 69e71b1fb43ad4c19c021466 
2026-04-22 10:12:39 [info]: [BusinessRoute] Fetching context for ID: 69e71b1fb43ad4c19c021466 
2026-04-22 10:24:31 [info]: Server running on port 5000 in development mode 
2026-04-22 10:24:32 [info]: MongoDB connected successfully 
2026-04-22 10:24:33 [info]: Templates already seeded (5 templates found) 
2026-04-22 10:24:39 [info]: Server running on port 5000 in development mode 
2026-04-22 10:24:39 [info]: MongoDB connected successfully 
2026-04-22 10:24:40 [info]: Templates already seeded (5 templates found) 
2026-04-22 10:24:46 [info]: Server running on port 5000 in development mode 
2026-04-22 10:24:47 [info]: MongoDB connected successfully 
2026-04-22 10:24:48 [info]: Templates already seeded (5 templates found) 
2026-04-22 10:25:18 [info]: Server running on port 5000 in development mode 
2026-04-22 10:25:19 [info]: MongoDB connected successfully 
2026-04-22 10:25:19 [info]: Templates already seeded (5 templates found) 
2026-04-22 10:35:27 [info]: Server running on port 5000 in development mode 
2026-04-22 10:35:27 [info]: MongoDB connected successfully 
2026-04-22 10:35:28 [info]: Templates already seeded (5 templates found) 
2026-04-22 10:35:50 [info]: Server running on port 5000 in development mode 
2026-04-22 10:35:51 [info]: MongoDB connected successfully 
2026-04-22 10:35:51 [info]: Templates already seeded (5 templates found) 
2026-04-22 10:40:50 [info]: Server running on port 5000 in development mode 
2026-04-22 10:40:51 [info]: MongoDB connected successfully 
2026-04-22 10:40:52 [info]: Templates already seeded (5 templates found) 
2026-04-22 10:41:01 [info]: Server running on port 5000 in development mode 
2026-04-22 10:41:02 [info]: MongoDB connected successfully 
2026-04-22 10:41:03 [info]: Templates already seeded (5 templates found) 
2026-04-22 10:44:56 [info]: Server running on port 5000 in development mode 
2026-04-22 10:44:57 [info]: MongoDB connected successfully 
2026-04-22 10:44:58 [info]: Templates already seeded (5 templates found) 
2026-04-22 10:45:39 [info]: Server running on port 5000 in development mode 
2026-04-22 10:45:40 [info]: MongoDB connected successfully 
2026-04-22 10:45:41 [info]: Templates already seeded (5 templates found) 
2026-04-22 10:48:23 [info]: Server running on port 5000 in development mode 
2026-04-22 10:48:24 [info]: MongoDB connected successfully 
2026-04-22 10:48:25 [info]: Templates already seeded (5 templates found) 
2026-04-22 10:48:30 [info]: Server running on port 5000 in development mode 
2026-04-22 10:48:30 [info]: MongoDB connected successfully 
2026-04-22 10:48:31 [info]: Templates already seeded (5 templates found) 
2026-04-22 10:49:23 [info]: Server running on port 5000 in development mode 
2026-04-22 10:49:26 [info]: MongoDB connected successfully 
2026-04-22 10:49:27 [info]: Templates already seeded (5 templates found) 
2026-04-22 10:52:03 [info]: Server running on port 5000 in development mode 
2026-04-22 10:52:05 [info]: MongoDB connected successfully 
2026-04-22 10:52:06 [info]: Templates already seeded (5 templates found) 
2026-04-22 10:52:19 [info]: Server running on port 5000 in development mode 
2026-04-22 10:52:19 [info]: MongoDB connected successfully 
2026-04-22 10:52:20 [info]: Templates already seeded (5 templates found) 
2026-04-22 11:31:53 [info]: Server running on port 5000 in development mode 
2026-04-22 11:31:55 [info]: MongoDB connected successfully 
2026-04-22 11:31:56 [info]: Templates already seeded (5 templates found) 
2026-04-22 11:32:01 [info]: Server running on port 5000 in development mode 
2026-04-22 11:32:02 [info]: MongoDB connected successfully 
2026-04-22 11:32:03 [info]: Templates already seeded (5 templates found) 
2026-04-22 11:32:25 [info]: Server running on port 5000 in development mode 
2026-04-22 11:32:27 [info]: MongoDB connected successfully 
2026-04-22 11:32:28 [info]: Templates already seeded (5 templates found) 
2026-04-22 11:32:50 [info]: Server running on port 5000 in development mode 
2026-04-22 11:32:51 [info]: MongoDB connected successfully 
2026-04-22 11:32:53 [info]: Templates already seeded (5 templates found) 
2026-04-22 11:32:57 [info]: Server running on port 5000 in development mode 
2026-04-22 11:32:57 [info]: MongoDB connected successfully 
2026-04-22 11:32:58 [info]: Templates already seeded (5 templates found) 
2026-04-22 11:33:03 [info]: Server running on port 5000 in development mode 
2026-04-22 11:33:04 [info]: MongoDB connected successfully 
2026-04-22 11:33:05 [info]: Templates already seeded (5 templates found) 
2026-04-22 11:33:08 [info]: Server running on port 5000 in development mode 
2026-04-22 11:33:08 [info]: MongoDB connected successfully 
2026-04-22 11:33:09 [info]: Templates already seeded (5 templates found) 
2026-04-22 11:33:12 [info]: Server running on port 5000 in development mode 
2026-04-22 11:33:13 [info]: MongoDB connected successfully 
2026-04-22 11:33:14 [info]: Templates already seeded (5 templates found) 
2026-04-22 11:33:25 [info]: Server running on port 5000 in development mode 
2026-04-22 11:33:26 [info]: MongoDB connected successfully 
2026-04-22 11:33:27 [info]: Templates already seeded (5 templates found) 
2026-04-22 11:33:35 [info]: Server running on port 5000 in development mode 
2026-04-22 11:33:37 [info]: MongoDB connected successfully 
2026-04-22 11:33:38 [info]: Templates already seeded (5 templates found) 
2026-04-22 11:34:07 [info]: Server running on port 5000 in development mode 
2026-04-22 11:34:08 [info]: MongoDB connected successfully 
2026-04-22 11:34:09 [info]: Templates already seeded (5 templates found) 
2026-04-22 11:34:32 [info]: Server running on port 5000 in development mode 
2026-04-22 11:34:34 [info]: MongoDB connected successfully 
2026-04-22 11:34:34 [info]: Templates already seeded (5 templates found) 
2026-04-22 11:34:40 [info]: Server running on port 5000 in development mode 
2026-04-22 11:34:40 [info]: MongoDB connected successfully 
2026-04-22 11:34:41 [info]: Templates already seeded (5 templates found) 
2026-04-22 11:35:13 [info]: Server running on port 5000 in development mode 
2026-04-22 11:35:15 [info]: MongoDB connected successfully 
2026-04-22 11:35:16 [info]: Templates already seeded (5 templates found) 
2026-04-22 11:35:31 [info]: Server running on port 5000 in development mode 
2026-04-22 11:35:33 [info]: MongoDB connected successfully 
2026-04-22 11:35:35 [info]: Templates already seeded (5 templates found) 
2026-04-22 11:35:40 [info]: Server running on port 5000 in development mode 
2026-04-22 11:35:40 [info]: MongoDB connected successfully 
2026-04-22 11:35:41 [info]: Templates already seeded (5 templates found) 
2026-04-22 11:37:09 [info]: Server running on port 5000 in development mode 
2026-04-22 11:37:09 [info]: MongoDB connected successfully 
2026-04-22 11:37:10 [info]: Templates already seeded (5 templates found) 
2026-04-22 11:44:03 [info]: Server running on port 5000 in development mode 
2026-04-22 11:44:04 [info]: MongoDB connected successfully 
2026-04-22 11:44:05 [info]: Templates already seeded (5 templates found) 
2026-04-22 11:46:46 [info]: Server running on port 5000 in development mode 
2026-04-22 11:46:46 [info]: MongoDB connected successfully 
2026-04-22 11:46:47 [info]: Templates already seeded (5 templates found) 
2026-04-22 11:47:05 [info]: Server running on port 5000 in development mode 
2026-04-22 11:47:05 [info]: MongoDB connected successfully 
2026-04-22 11:47:06 [info]: Templates already seeded (5 templates found) 
2026-04-22 11:47:34 [info]: Server running on port 5000 in development mode 
2026-04-22 11:47:35 [info]: MongoDB connected successfully 
2026-04-22 11:47:36 [info]: Templates already seeded (5 templates found) 
2026-04-22 11:49:10 [info]: Server running on port 5000 in development mode 
2026-04-22 11:49:11 [info]: MongoDB connected successfully 
2026-04-22 11:49:12 [info]: Templates already seeded (5 templates found) 
2026-04-22 11:49:39 [info]: Server running on port 5000 in development mode 
2026-04-22 11:49:40 [info]: MongoDB connected successfully 
2026-04-22 11:49:41 [info]: Templates already seeded (5 templates found) 
2026-04-22 11:56:16 [info]: Server running on port 5000 in development mode 
2026-04-22 11:56:16 [info]: MongoDB connected successfully 
2026-04-22 11:56:17 [info]: Templates already seeded (5 templates found) 
2026-04-22 12:01:53 [debug]: [SuperAdmin] Dashboard Unified Analytics: {"totalRevenue":8497,"mrr":8497,"merchantGMV":0,"subRevenue":8497,"activePaidCount":3}
2026-04-22 12:01:53 [debug]: [SuperAdmin] Dashboard Unified Analytics: {"totalRevenue":8497,"mrr":8497,"merchantGMV":0,"subRevenue":8497,"activePaidCount":3}
2026-04-22 12:07:20 [info]: Server running on port 5000 in development mode 
2026-04-22 12:07:21 [info]: MongoDB connected successfully 
2026-04-22 12:07:22 [info]: Templates already seeded (5 templates found) 
2026-04-22 12:16:31 [info]: Server running on port 5000 in development mode 
2026-04-22 12:16:31 [info]: MongoDB connected successfully 
2026-04-22 12:16:32 [info]: Templates already seeded (5 templates found) 
2026-04-22 14:30:50 [info]: Server running on port 5000 in development mode 
2026-04-22 14:30:51 [info]: MongoDB connected successfully 
2026-04-22 14:30:51 [info]: Templates already seeded (5 templates found) 
2026-04-22 14:38:03 [info]: [BusinessRoute] Fetching context for ID: 69e76f69a4aea6a4366cd5e8 
2026-04-22 14:38:04 [info]: [BusinessRoute] Fetching context for ID: 69e76f69a4aea6a4366cd5e8 
2026-04-22 14:39:10 [info]: [BusinessRoute] Fetching context for ID: 69e76f69a4aea6a4366cd5e8 
2026-04-22 14:39:11 [info]: [BusinessRoute] Fetching context for ID: 69e76f69a4aea6a4366cd5e8 
2026-04-22 14:39:20 [info]: [BusinessRoute] Fetching context for ID: 69e76f69a4aea6a4366cd5e8 
2026-04-22 14:39:21 [info]: [BusinessRoute] Fetching context for ID: 69e76f69a4aea6a4366cd5e8 
2026-04-22 14:39:52 [info]: [BusinessRoute] Fetching context for ID: 69e76f69a4aea6a4366cd5e8 
2026-04-22 14:39:52 [info]: [BusinessRoute] Fetching context for ID: 69e76f69a4aea6a4366cd5e8 
2026-04-22 14:44:26 [info]: Server running on port 5000 in development mode 
2026-04-22 14:44:27 [info]: MongoDB connected successfully 
2026-04-22 14:44:28 [info]: Templates already seeded (5 templates found) 
2026-04-22 14:45:24 [info]: [BusinessRoute] Fetching context for ID: 69e76f69a4aea6a4366cd5e8 
2026-04-22 14:45:24 [info]: [BusinessRoute] Fetching context for ID: 69e76f69a4aea6a4366cd5e8 
2026-04-22 14:46:25 [info]: [BusinessRoute] Fetching context for ID: 69e76f69a4aea6a4366cd5e8 
2026-04-22 14:46:25 [info]: [BusinessRoute] Fetching context for ID: 69e76f69a4aea6a4366cd5e8 
2026-04-22 14:46:45 [info]: [Engine] Incoming: "hi" from: 9043263671 (Step: start) 
2026-04-22 14:46:49 [info]: [Engine] Incoming: "2" from: 9043263671 (Step: main_menu) 
2026-04-22 14:46:50 [info]: [Engine] Matched Flow: main_menu -> track_process (Action: NONE) 
2026-04-22 14:47:01 [info]: [Engine] Incoming: "ORD-20260422013844-0843861EEC14" from: 9043263671 (Step: track_process) 
2026-04-22 14:47:01 [info]: [Engine] Matched Flow: track_process -> start (Action: TRACK_ORDER) 
2026-04-22 14:47:12 [info]: [Engine] Incoming: "3" from: 9043263671 (Step: start) 
2026-04-22 14:47:12 [warn]: [Engine] No match for "3" at step "start" 
2026-04-22 14:47:35 [info]: [Engine] Incoming: "hi" from: 9043263671 (Step: start) 
2026-04-22 14:47:39 [info]: [Engine] Incoming: "3" from: 9043263671 (Step: main_menu) 
2026-04-22 14:47:40 [warn]: [Engine] No match for "3" at step "main_menu" 
2026-04-22 14:48:13 [info]: [Engine] Incoming: "hi" from: 9043263672 (Step: start) 
2026-04-22 14:48:16 [info]: [Engine] Incoming: "1" from: 9043263672 (Step: main_menu) 
2026-04-22 14:48:16 [info]: [Engine] Matched Flow: main_menu -> select_product (Action: SHOW_PRODUCTS) 
2026-04-22 14:48:23 [info]: [Engine] Incoming: "Laptop" from: 9043263672 (Step: select_product) 
2026-04-22 14:48:24 [info]: [Engine] Matched Flow: select_product -> get_quantity (Action: SELECT_PRODUCT) 
2026-04-22 14:50:18 [info]: [Engine] Incoming: "Rice" from: 9043263672 (Step: get_quantity) 
2026-04-22 14:50:19 [info]: [Engine] Matched Flow: get_quantity -> get_address (Action: SAVE_QUANTITY) 
2026-04-22 14:50:30 [info]: [Engine] Incoming: "1" from: 9043263672 (Step: get_quantity) 
2026-04-22 14:50:31 [info]: [Engine] Matched Flow: get_quantity -> get_address (Action: SAVE_QUANTITY) 
2026-04-22 14:50:53 [info]: [Engine] Incoming: "vincent" from: 9043263672 (Step: get_address) 
2026-04-22 14:50:54 [info]: [Engine] Matched Flow: get_address -> confirm_order (Action: SAVE_ADDRESS) 
2026-04-22 14:51:00 [info]: [Engine] Incoming: "yes" from: 9043263672 (Step: confirm_order) 
2026-04-22 14:51:01 [info]: [Engine] Matched Flow: confirm_order -> start (Action: CREATE_ORDER) 
2026-04-22 15:05:08 [info]: Server running on port 5000 in development mode 
2026-04-22 15:05:09 [info]: MongoDB connected successfully 
2026-04-22 15:05:10 [info]: Templates already seeded (5 templates found) 
2026-04-22 15:05:37 [info]: Server running on port 5000 in development mode 
2026-04-22 15:05:38 [info]: MongoDB connected successfully 
2026-04-22 15:05:39 [info]: Templates already seeded (5 templates found) 
2026-04-22 15:05:46 [info]: Server running on port 5000 in development mode 
2026-04-22 15:05:46 [info]: MongoDB connected successfully 
2026-04-22 15:05:47 [info]: Templates already seeded (5 templates found) 
2026-04-22 15:06:12 [info]: Server running on port 5000 in development mode 
2026-04-22 15:06:13 [info]: MongoDB connected successfully 
2026-04-22 15:06:14 [info]: Templates already seeded (5 templates found) 
2026-04-22 15:06:24 [info]: Server running on port 5000 in development mode 
2026-04-22 15:06:25 [info]: MongoDB connected successfully 
2026-04-22 15:06:26 [info]: Templates already seeded (5 templates found) 
2026-04-22 15:06:47 [info]: Server running on port 5000 in development mode 
2026-04-22 15:06:47 [info]: MongoDB connected successfully 
2026-04-22 15:06:48 [info]: Templates already seeded (5 templates found) 
2026-04-22 15:07:32 [info]: [Engine] Incoming: "hi" from: 9043263672 (Step: start) 
2026-04-22 15:07:35 [info]: [Engine] Incoming: "1" from: 9043263672 (Step: main_menu) 
2026-04-22 15:07:36 [info]: [Engine] Matched Flow: main_menu -> select_product (Action: SHOW_PRODUCTS) 
2026-04-22 15:07:41 [info]: [Engine] Incoming: "Laptop" from: 9043263672 (Step: select_product) 
2026-04-22 15:07:41 [info]: [Engine] Matched Flow: select_product -> get_quantity (Action: SELECT_PRODUCT) 
2026-04-22 15:07:47 [info]: [Engine] Incoming: "Rice" from: 9043263672 (Step: get_quantity) 
2026-04-22 15:07:47 [info]: [Engine] Matched Flow: get_quantity -> get_address (Action: SAVE_QUANTITY) 
2026-04-22 15:08:30 [info]: [Engine] Incoming: "1" from: 9043263672 (Step: get_quantity) 
2026-04-22 15:08:31 [info]: [Engine] Matched Flow: get_quantity -> get_address (Action: SAVE_QUANTITY) 
2026-04-22 15:08:42 [info]: [Engine] Incoming: "vincent" from: 9043263672 (Step: get_address) 
2026-04-22 15:08:42 [info]: [Engine] Matched Flow: get_address -> confirm_order (Action: SAVE_ADDRESS) 
2026-04-22 15:08:46 [info]: [Engine] Incoming: "yes" from: 9043263672 (Step: confirm_order) 
2026-04-22 15:08:46 [info]: [Engine] Matched Flow: confirm_order -> start (Action: CREATE_ORDER) 
2026-04-22 15:13:53 [info]: Server running on port 5000 in development mode 
2026-04-22 15:13:54 [info]: MongoDB connected successfully 
2026-04-22 15:13:54 [info]: Templates already seeded (5 templates found) 
2026-04-22 15:16:02 [info]: Server running on port 5000 in development mode 
2026-04-22 15:16:03 [info]: MongoDB connected successfully 
2026-04-22 15:16:04 [info]: Templates already seeded (5 templates found) 
2026-04-22 15:18:20 [info]: Server running on port 5000 in development mode 
2026-04-22 15:18:21 [info]: MongoDB connected successfully 
2026-04-22 15:18:22 [info]: Templates already seeded (5 templates found) 
2026-04-22 15:18:52 [info]: Server running on port 5000 in development mode 
2026-04-22 15:18:53 [info]: MongoDB connected successfully 
2026-04-22 15:18:54 [info]: Templates already seeded (5 templates found) 
2026-04-22 15:19:32 [info]: Server running on port 5000 in development mode 
2026-04-22 15:19:32 [info]: MongoDB connected successfully 
2026-04-22 15:19:33 [info]: Templates already seeded (5 templates found) 
2026-04-22 15:19:37 [info]: Server running on port 5000 in development mode 
2026-04-22 15:19:38 [info]: MongoDB connected successfully 
2026-04-22 15:19:39 [info]: Templates already seeded (5 templates found) 
2026-04-22 15:19:51 [info]: Server running on port 5000 in development mode 
2026-04-22 15:19:52 [info]: MongoDB connected successfully 
2026-04-22 15:19:53 [info]: Templates already seeded (5 templates found) 
2026-04-22 15:20:06 [info]: Server running on port 5000 in development mode 
2026-04-22 15:20:06 [info]: MongoDB connected successfully 
2026-04-22 15:20:07 [info]: Templates already seeded (5 templates found) 
2026-04-22 15:20:28 [info]: Server running on port 5000 in development mode 
2026-04-22 15:20:29 [info]: MongoDB connected successfully 
2026-04-22 15:20:30 [info]: Templates already seeded (5 templates found) 
2026-04-22 15:20:47 [info]: Server running on port 5000 in development mode 
2026-04-22 15:20:48 [info]: MongoDB connected successfully 
2026-04-22 15:20:49 [info]: Templates already seeded (5 templates found) 
2026-04-22 15:22:29 [info]: Server running on port 5000 in development mode 
2026-04-22 15:22:30 [info]: MongoDB connected successfully 
2026-04-22 15:22:30 [info]: Templates already seeded (5 templates found) 
2026-04-22 15:22:49 [info]: Server running on port 5000 in development mode 
2026-04-22 15:22:50 [info]: MongoDB connected successfully 
2026-04-22 15:22:51 [info]: Templates already seeded (5 templates found) 
2026-04-22 15:23:06 [info]: Server running on port 5000 in development mode 
2026-04-22 15:23:06 [info]: MongoDB connected successfully 
2026-04-22 15:23:07 [info]: Templates already seeded (5 templates found) 
2026-04-22 15:24:39 [info]: [Engine] Incoming: "hi" from: 9043263672 (Step: start) 
2026-04-22 15:24:45 [info]: [Engine] Incoming: "1" from: 9043263672 (Step: main_menu) 
2026-04-22 15:24:46 [info]: [Engine] Matched Flow: main_menu -> select_product (Action: SHOW_PRODUCTS) 
2026-04-22 15:24:50 [info]: [Engine] Incoming: "Add to cart Rice" from: 9043263672 (Step: select_product) 
2026-04-22 15:24:50 [info]: [Engine] Matched Flow: select_product -> get_quantity (Action: SELECT_PRODUCT) 
2026-04-22 15:24:56 [info]: [Engine] Incoming: "Add to cart Laptop" from: 9043263672 (Step: select_product) 
2026-04-22 15:24:57 [info]: [Engine] Matched Flow: select_product -> get_quantity (Action: SELECT_PRODUCT) 
2026-04-22 15:26:00 [info]: Server running on port 5000 in development mode 
2026-04-22 15:26:01 [info]: MongoDB connected successfully 
2026-04-22 15:26:02 [info]: Templates already seeded (5 templates found) 
2026-04-22 15:26:30 [info]: Server running on port 5000 in development mode 
2026-04-22 15:26:31 [info]: MongoDB connected successfully 
2026-04-22 15:26:31 [info]: Templates already seeded (5 templates found) 
2026-04-22 15:26:59 [info]: Server running on port 5000 in development mode 
2026-04-22 15:26:59 [info]: MongoDB connected successfully 
2026-04-22 15:27:00 [info]: Templates already seeded (5 templates found) 
2026-04-22 15:27:31 [info]: Server running on port 5000 in development mode 
2026-04-22 15:27:32 [info]: MongoDB connected successfully 
2026-04-22 15:27:33 [info]: Templates already seeded (5 templates found) 
2026-04-22 15:27:43 [info]: Server running on port 5000 in development mode 
2026-04-22 15:27:44 [info]: MongoDB connected successfully 
2026-04-22 15:27:45 [info]: Templates already seeded (5 templates found) 
2026-04-22 15:28:32 [info]: [Engine] Incoming: "hi" from: 9043263671 (Step: main_menu) 
2026-04-22 15:28:34 [info]: [Engine] Incoming: "1" from: 9043263671 (Step: main_menu) 
2026-04-22 15:28:35 [info]: [Engine] Matched Flow: main_menu -> select_product (Action: SHOW_PRODUCTS) 
2026-04-22 15:28:37 [info]: [Engine] Incoming: "Add 1 of Laptop" from: 9043263671 (Step: select_product) 
2026-04-22 15:28:38 [info]: [Engine] Matched Flow: select_product -> get_quantity (Action: SELECT_PRODUCT) 
2026-04-22 15:28:47 [info]: [Engine] Incoming: "Add 1 of Rice" from: 9043263671 (Step: select_product) 
2026-04-22 15:28:47 [info]: [Engine] Matched Flow: select_product -> get_quantity (Action: SELECT_PRODUCT) 
2026-04-22 15:31:42 [info]: Server running on port 5000 in development mode 
2026-04-22 15:31:43 [info]: MongoDB connected successfully 
2026-04-22 15:31:43 [info]: Templates already seeded (5 templates found) 
2026-04-22 15:32:40 [info]: Server running on port 5000 in development mode 
2026-04-22 15:32:41 [info]: MongoDB connected successfully 
2026-04-22 15:32:42 [info]: Templates already seeded (5 templates found) 
2026-04-22 15:33:02 [info]: Server running on port 5000 in development mode 
2026-04-22 15:33:03 [info]: MongoDB connected successfully 
2026-04-22 15:33:04 [info]: Templates already seeded (5 templates found) 
2026-04-22 15:33:48 [info]: [Engine] Incoming: "hi" from: 9043263671 (Step: select_product) 
2026-04-22 15:33:50 [info]: [Engine] Incoming: "1" from: 9043263671 (Step: main_menu) 
2026-04-22 15:33:50 [info]: [Engine] Matched Flow: main_menu -> select_product (Action: SHOW_PRODUCTS) 
2026-04-22 15:33:54 [info]: [Engine] Incoming: "[object Object]" from: 9043263671 (Step: select_product) 
2026-04-22 15:33:54 [info]: [Engine] Matched Flow: select_product -> get_quantity (Action: SELECT_PRODUCT) 
2026-04-22 15:34:01 [info]: [Engine] Incoming: "[object Object]" from: 9043263671 (Step: get_quantity) 
2026-04-22 15:34:01 [info]: [Engine] Matched Flow: get_quantity -> get_address (Action: SAVE_QUANTITY) 
2026-04-22 15:34:06 [info]: [Engine] Incoming: "1" from: 9043263671 (Step: get_quantity) 
2026-04-22 15:34:06 [info]: [Engine] Matched Flow: get_quantity -> get_address (Action: SAVE_QUANTITY) 
2026-04-22 15:34:16 [info]: [Engine] Incoming: "hi" from: 9043263671 (Step: get_address) 
2026-04-22 15:34:22 [info]: [Engine] Incoming: "1" from: 9043263671 (Step: main_menu) 
2026-04-22 15:34:22 [info]: [Engine] Matched Flow: main_menu -> select_product (Action: SHOW_PRODUCTS) 
2026-04-22 15:34:26 [info]: [Engine] Incoming: "[object Object]" from: 9043263671 (Step: select_product) 
2026-04-22 15:34:27 [info]: [Engine] Matched Flow: select_product -> get_quantity (Action: SELECT_PRODUCT) 
2026-04-22 15:34:34 [info]: [Engine] Incoming: "1" from: 9043263671 (Step: get_quantity) 
2026-04-22 15:34:36 [info]: [Engine] Matched Flow: get_quantity -> get_address (Action: SAVE_QUANTITY) 
2026-04-22 15:34:57 [info]: [Engine] Incoming: "hi" from: 9043263671 (Step: get_address) 
2026-04-22 15:35:01 [info]: [Engine] Incoming: "1" from: 9043263671 (Step: main_menu) 
2026-04-22 15:35:01 [info]: [Engine] Matched Flow: main_menu -> select_product (Action: SHOW_PRODUCTS) 
2026-04-22 15:35:05 [info]: [Engine] Incoming: "[object Object]" from: 9043263671 (Step: select_product) 
2026-04-22 15:35:05 [info]: [Engine] Matched Flow: select_product -> get_quantity (Action: SELECT_PRODUCT) 
2026-04-22 15:38:26 [info]: Server running on port 5000 in development mode 
2026-04-22 15:38:27 [info]: MongoDB connected successfully 
2026-04-22 15:38:28 [info]: Templates already seeded (5 templates found) 
2026-04-22 15:38:49 [info]: Server running on port 5000 in development mode 
2026-04-22 15:38:50 [info]: MongoDB connected successfully 
2026-04-22 15:38:51 [info]: Templates already seeded (5 templates found) 
2026-04-22 15:38:57 [info]: Server running on port 5000 in development mode 
2026-04-22 15:38:58 [info]: MongoDB connected successfully 
2026-04-22 15:38:59 [info]: Templates already seeded (5 templates found) 
2026-04-22 15:40:27 [info]: [Engine] Incoming: "hi" from: 9043263672 (Step: select_product) 
2026-04-22 15:40:31 [info]: [Engine] Incoming: "1" from: 9043263672 (Step: main_menu) 
2026-04-22 15:40:32 [info]: [Engine] Matched Flow: main_menu -> select_product (Action: SHOW_PRODUCTS) 
2026-04-22 15:40:34 [info]: [Engine] Incoming: "[object Object]" from: 9043263672 (Step: select_product) 
2026-04-22 15:40:34 [info]: [Engine] Matched Flow: select_product -> get_quantity (Action: SELECT_PRODUCT) 
2026-04-22 15:40:40 [info]: [Engine] Incoming: "1" from: 9043263672 (Step: get_quantity) 
2026-04-22 15:40:41 [info]: [Engine] Matched Flow: get_quantity -> get_address (Action: SAVE_QUANTITY) 
2026-04-22 15:40:47 [info]: [Engine] Incoming: "[object Object]" from: 9043263672 (Step: get_address) 
2026-04-22 15:40:47 [info]: [Engine] Matched Flow: get_address -> confirm_order (Action: SAVE_ADDRESS) 
2026-04-22 15:40:54 [info]: [Engine] Incoming: "yes" from: 9043263672 (Step: confirm_order) 
2026-04-22 15:40:54 [info]: [Engine] Matched Flow: confirm_order -> start (Action: CREATE_ORDER) 
2026-04-22 15:52:42 [info]: Server running on port 5000 in development mode 
2026-04-22 15:52:43 [info]: MongoDB connected successfully 
2026-04-22 15:52:43 [info]: Templates already seeded (5 templates found) 
2026-04-22 15:52:54 [info]: Server running on port 5000 in development mode 
2026-04-22 15:52:55 [info]: MongoDB connected successfully 
2026-04-22 15:52:56 [info]: Templates already seeded (5 templates found) 
2026-04-22 15:53:08 [info]: Server running on port 5000 in development mode 
2026-04-22 15:53:09 [info]: MongoDB connected successfully 
2026-04-22 15:53:10 [info]: Templates already seeded (5 templates found) 
2026-04-22 15:53:49 [info]: Server running on port 5000 in development mode 
2026-04-22 15:53:49 [info]: MongoDB connected successfully 
2026-04-22 15:53:50 [info]: Templates already seeded (5 templates found) 
2026-04-22 15:54:36 [info]: [Engine] Incoming: "hi" from: 9043263671 (Step: get_quantity) 
2026-04-22 15:54:40 [info]: [Engine] Incoming: "1" from: 9043263671 (Step: main_menu) 
2026-04-22 15:54:40 [info]: [Engine] Matched Flow: main_menu -> select_product (Action: SHOW_PRODUCTS) 
2026-04-22 15:54:43 [info]: [Engine] Incoming: "[object Object]" from: 9043263671 (Step: select_product) 
2026-04-22 15:54:43 [info]: [Engine] Matched Flow: select_product -> get_quantity (Action: SELECT_PRODUCT) 
2026-04-22 15:54:51 [info]: [Engine] Incoming: "1" from: 9043263671 (Step: get_quantity) 
2026-04-22 15:54:51 [info]: [Engine] Matched Flow: get_quantity -> get_address (Action: SAVE_QUANTITY) 
2026-04-22 15:54:58 [info]: [Engine] Incoming: "salem" from: 9043263671 (Step: get_address) 
2026-04-22 15:54:58 [info]: [Engine] Matched Flow: get_address -> confirm_order (Action: SAVE_ADDRESS) 
2026-04-22 15:55:04 [info]: [Engine] Incoming: "yes" from: 9043263671 (Step: confirm_order) 
2026-04-22 15:55:04 [info]: [Engine] Matched Flow: confirm_order -> start (Action: CREATE_ORDER) 
2026-04-22 15:56:42 [info]: Server running on port 5000 in development mode 
2026-04-22 15:56:42 [info]: MongoDB connected successfully 
2026-04-22 15:56:43 [info]: Templates already seeded (5 templates found) 
2026-04-22 15:56:47 [info]: Server running on port 5000 in development mode 
2026-04-22 15:56:47 [info]: MongoDB connected successfully 
2026-04-22 15:56:48 [info]: Templates already seeded (5 templates found) 
2026-04-22 15:56:55 [info]: Server running on port 5000 in development mode 
2026-04-22 15:56:55 [info]: MongoDB connected successfully 
2026-04-22 15:56:56 [info]: Templates already seeded (5 templates found) 
2026-04-22 15:57:03 [info]: Server running on port 5000 in development mode 
2026-04-22 15:57:04 [info]: MongoDB connected successfully 
2026-04-22 15:57:05 [info]: Templates already seeded (5 templates found) 
2026-04-22 15:57:09 [info]: Server running on port 5000 in development mode 
2026-04-22 15:57:09 [info]: MongoDB connected successfully 
2026-04-22 15:57:10 [info]: Templates already seeded (5 templates found) 
2026-04-22 15:57:14 [info]: Server running on port 5000 in development mode 
2026-04-22 15:57:14 [info]: MongoDB connected successfully 
2026-04-22 15:57:15 [info]: Templates already seeded (5 templates found) 
2026-04-22 15:57:21 [info]: Server running on port 5000 in development mode 
2026-04-22 15:57:22 [info]: MongoDB connected successfully 
2026-04-22 15:57:23 [info]: Templates already seeded (5 templates found) 
2026-04-22 15:57:32 [info]: Server running on port 5000 in development mode 
2026-04-22 15:57:35 [info]: Server running on port 5000 in development mode 
2026-04-22 15:57:36 [info]: MongoDB connected successfully 
2026-04-22 15:57:36 [info]: Templates already seeded (5 templates found) 
2026-04-22 15:57:50 [info]: Server running on port 5000 in development mode 
2026-04-22 15:57:50 [info]: MongoDB connected successfully 
2026-04-22 15:57:52 [info]: Server running on port 5000 in development mode 
2026-04-22 15:57:53 [info]: MongoDB connected successfully 
2026-04-22 15:57:54 [info]: Templates already seeded (5 templates found) 
2026-04-22 15:58:11 [info]: Server running on port 5000 in development mode 
2026-04-22 15:58:12 [info]: MongoDB connected successfully 
2026-04-22 15:58:14 [info]: Server running on port 5000 in development mode 
2026-04-22 15:58:15 [info]: MongoDB connected successfully 
2026-04-22 15:58:15 [info]: Templates already seeded (5 templates found) 
2026-04-22 15:59:04 [info]: Server running on port 5000 in development mode 
2026-04-22 15:59:05 [info]: MongoDB connected successfully 
2026-04-22 15:59:05 [info]: Templates already seeded (5 templates found) 
2026-04-22 15:59:25 [info]: [Engine] Incoming: "hi" from: 9043263671 (Step: start) 
2026-04-22 15:59:27 [info]: [Engine] Incoming: "1" from: 9043263671 (Step: main_menu) 
2026-04-22 15:59:27 [info]: [Engine] Matched Flow: main_menu -> select_product (Action: SHOW_PRODUCTS) 
2026-04-22 15:59:30 [info]: [Engine] Incoming: "[object Object]" from: 9043263671 (Step: select_product) 
2026-04-22 15:59:30 [info]: [Engine] Matched Flow: select_product -> get_quantity (Action: SELECT_PRODUCT) 
2026-04-22 15:59:40 [info]: [Engine] Incoming: "[object Object]" from: 9043263671 (Step: get_quantity) 
2026-04-22 15:59:40 [info]: [Engine] Matched Flow: get_quantity -> get_address (Action: SAVE_QUANTITY) 
2026-04-22 15:59:45 [info]: [Engine] Incoming: "1" from: 9043263671 (Step: get_quantity) 
2026-04-22 15:59:45 [info]: [Engine] Matched Flow: get_quantity -> get_address (Action: SAVE_QUANTITY) 
2026-04-22 15:59:51 [info]: [Engine] Incoming: "cancel" from: 9043263671 (Step: get_address) 
2026-04-22 15:59:51 [info]: [Engine] Matched Flow: get_address -> confirm_order (Action: SAVE_ADDRESS) 
2026-04-22 15:59:56 [info]: [Engine] Incoming: "no" from: 9043263671 (Step: confirm_order) 
2026-04-22 15:59:56 [warn]: [Engine] No match for "no" at step "confirm_order" 
2026-04-22 16:02:56 [info]: Server running on port 5000 in development mode 
2026-04-22 16:02:57 [info]: MongoDB connected successfully 
2026-04-22 16:02:58 [info]: Templates already seeded (5 templates found) 
2026-04-22 16:03:53 [info]: Server running on port 5000 in development mode 
2026-04-22 16:03:54 [info]: MongoDB connected successfully 
2026-04-22 16:03:55 [info]: Templates already seeded (5 templates found) 
2026-04-22 16:06:05 [info]: Server running on port 5000 in development mode 
2026-04-22 16:06:06 [info]: MongoDB connected successfully 
2026-04-22 16:06:06 [info]: Templates already seeded (5 templates found) 
2026-04-22 16:06:30 [info]: Server running on port 5000 in development mode 
2026-04-22 16:06:31 [info]: MongoDB connected successfully 
2026-04-22 16:06:31 [info]: Templates already seeded (5 templates found) 
2026-04-22 16:06:36 [info]: Server running on port 5000 in development mode 
2026-04-22 16:06:36 [info]: MongoDB connected successfully 
2026-04-22 16:06:37 [info]: Templates already seeded (5 templates found) 
2026-04-22 16:06:41 [info]: Server running on port 5000 in development mode 
2026-04-22 16:06:42 [info]: MongoDB connected successfully 
2026-04-22 16:06:43 [info]: Templates already seeded (5 templates found) 
2026-04-22 16:07:55 [info]: Server running on port 5000 in development mode 
2026-04-22 16:07:56 [info]: MongoDB connected successfully 
2026-04-22 16:07:57 [info]: Templates already seeded (5 templates found) 
2026-04-22 16:08:21 [info]: Server running on port 5000 in development mode 
2026-04-22 16:08:22 [info]: MongoDB connected successfully 
2026-04-22 16:08:22 [info]: Templates already seeded (5 templates found) 
2026-04-22 16:08:37 [info]: Server running on port 5000 in development mode 
2026-04-22 16:08:38 [info]: MongoDB connected successfully 
2026-04-22 16:08:38 [info]: Templates already seeded (5 templates found) 
2026-04-22 16:08:43 [info]: Server running on port 5000 in development mode 
2026-04-22 16:08:44 [info]: MongoDB connected successfully 
2026-04-22 16:08:45 [info]: Templates already seeded (5 templates found) 
2026-04-22 16:09:26 [info]: Server running on port 5000 in development mode 
2026-04-22 16:09:27 [info]: MongoDB connected successfully 
2026-04-22 16:09:28 [info]: Templates already seeded (5 templates found) 
2026-04-22 16:09:59 [info]: Server running on port 5000 in development mode 
2026-04-22 16:09:59 [info]: MongoDB connected successfully 
2026-04-22 16:10:00 [info]: Templates already seeded (5 templates found) 
2026-04-22 16:10:12 [info]: Server running on port 5000 in development mode 
2026-04-22 16:10:13 [info]: MongoDB connected successfully 
2026-04-22 16:10:14 [info]: Templates already seeded (5 templates found) 
2026-04-22 16:10:37 [info]: Server running on port 5000 in development mode 
2026-04-22 16:10:38 [info]: MongoDB connected successfully 
2026-04-22 16:10:39 [info]: Templates already seeded (5 templates found) 
2026-04-22 16:11:09 [info]: Server running on port 5000 in development mode 
2026-04-22 16:11:09 [info]: MongoDB connected successfully 
2026-04-22 16:11:10 [info]: Templates already seeded (5 templates found) 
2026-04-22 16:11:43 [info]: Server running on port 5000 in development mode 
2026-04-22 16:11:43 [info]: MongoDB connected successfully 
2026-04-22 16:11:44 [info]: Templates already seeded (5 templates found) 
2026-04-22 16:17:12 [info]: Server running on port 5000 in development mode 
2026-04-22 16:17:13 [info]: MongoDB connected successfully 
2026-04-22 16:17:14 [info]: Templates already seeded (5 templates found) 
2026-04-22 16:22:36 [info]: Server running on port 5000 in development mode 
2026-04-22 16:22:37 [info]: MongoDB connected successfully 
2026-04-22 16:22:37 [info]: Templates already seeded (5 templates found) 
2026-04-22 16:23:47 [info]: [Engine] Incoming: "hi" from: 9043263671 (Step: confirm_order) 
2026-04-22 16:23:50 [info]: [Engine] Incoming: "1" from: 9043263671 (Step: main_menu) 
2026-04-22 16:23:50 [info]: [Engine] Matched Flow: main_menu -> select_product (Action: SHOW_PRODUCTS) 
2026-04-22 16:23:52 [info]: [Engine] Incoming: "[object Object]" from: 9043263671 (Step: select_product) 
2026-04-22 16:23:52 [info]: [Engine] Matched Flow: select_product -> get_quantity (Action: SELECT_PRODUCT) 
2026-04-22 16:26:04 [info]: Server running on port 5000 in development mode 
2026-04-22 16:26:05 [info]: MongoDB connected successfully 
2026-04-22 16:26:05 [info]: Templates already seeded (5 templates found) 
2026-04-22 16:26:13 [info]: Server running on port 5000 in development mode 
2026-04-22 16:26:13 [info]: MongoDB connected successfully 
2026-04-22 16:26:14 [info]: Templates already seeded (5 templates found) 
2026-04-22 16:26:52 [info]: [Engine] Incoming: "hi" from: 9043263671 (Step: get_quantity) 
2026-04-22 16:26:54 [info]: [Engine] Incoming: "1" from: 9043263671 (Step: main_menu) 
2026-04-22 16:26:54 [info]: [Engine] Matched Flow: main_menu -> select_product (Action: SHOW_PRODUCTS) 
2026-04-22 16:26:58 [info]: [Engine] Incoming: "Add to Cart: Rice" from: 9043263671 (Step: select_product) 
2026-04-22 16:26:58 [info]: [Engine] Structured Action Detected: ADD_TO_CART 
2026-04-22 16:26:58 [error]: ValidationError: Message validation failed: products.0._id: Cast to ObjectId failed for value "continue_shopping" (type string) at path "_id" because of "BSONError", products.1._id: Cast to ObjectId failed for value "confirm_order" (type string) at path "_id" because of "BSONError"
    at Document.invalidate (E:\Whatsapp API automation\backend\node_modules\mongoose\lib\document.js:3221:32)
    at Subdocument.invalidate (E:\Whatsapp API automation\backend\node_modules\mongoose\lib\types\subdocument.js:229:12)
    at EmbeddedDocument.$set (E:\Whatsapp API automation\backend\node_modules\mongoose\lib\document.js:1466:12)
    at EmbeddedDocument.set [as _id] (E:\Whatsapp API automation\backend\node_modules\mongoose\lib\helpers\document\compile.js:205:19)
    at EmbeddedDocument.idSetter (E:\Whatsapp API automation\backend\node_modules\mongoose\lib\helpers\schema\idGetter.js:44:12)
    at VirtualType.applySetters (E:\Whatsapp API automation\backend\node_modules\mongoose\lib\virtualtype.js:166:16)
    at EmbeddedDocument.$set (E:\Whatsapp API automation\backend\node_modules\mongoose\lib\document.js:1284:12)
    at EmbeddedDocument.$set (E:\Whatsapp API automation\backend\node_modules\mongoose\lib\document.js:1121:16)
    at EmbeddedDocument.Document (E:\Whatsapp API automation\backend\node_modules\mongoose\lib\document.js:167:12)
    at EmbeddedDocument.Subdocument (E:\Whatsapp API automation\backend\node_modules\mongoose\lib\types\subdocument.js:34:12) {"errors":{"products.0._id":{"stringValue":"\"continue_shopping\"","valueType":"string","kind":"ObjectId","value":"continue_shopping","path":"_id","reason":{},"name":"CastError","message":"Cast to ObjectId failed for value \"continue_shopping\" (type string) at path \"_id\" because of \"BSONError\""},"products.1._id":{"stringValue":"\"confirm_order\"","valueType":"string","kind":"ObjectId","value":"confirm_order","path":"_id","reason":{},"name":"CastError","message":"Cast to ObjectId failed for value \"confirm_order\" (type string) at path \"_id\" because of \"BSONError\""}},"_message":"Message validation failed"}
2026-04-22 16:28:40 [info]: Server running on port 5000 in development mode 
2026-04-22 16:28:41 [info]: MongoDB connected successfully 
2026-04-22 16:28:42 [info]: Templates already seeded (5 templates found) 
2026-04-22 16:29:16 [info]: [Engine] Incoming: "hi" from: 9043263671 (Step: cart_decision) 
2026-04-22 16:29:19 [info]: [Engine] Incoming: "1" from: 9043263671 (Step: main_menu) 
2026-04-22 16:29:19 [info]: [Engine] Matched Flow: main_menu -> select_product (Action: SHOW_PRODUCTS) 
2026-04-22 16:29:27 [info]: [Engine] Incoming: "Laptop" from: 9043263671 (Step: select_product) 
2026-04-22 16:29:27 [info]: [Engine] Structured Action Detected: BUY_NOW 
2026-04-22 16:33:22 [info]: Server running on port 5000 in development mode 
2026-04-22 16:33:23 [info]: MongoDB connected successfully 
2026-04-22 16:33:24 [info]: Templates already seeded (5 templates found) 
2026-04-22 16:35:27 [info]: [BusinessRoute] Fetching context for ID: 69e76f69a4aea6a4366cd5e8 
2026-04-22 16:35:27 [info]: [BusinessRoute] Fetching context for ID: 69e76f69a4aea6a4366cd5e8 
2026-04-22 16:35:31 [info]: [SEEDER] Successfully seeded 13 flows for business 69e76f69a4aea6a4366cd5e8 (PRO) 
2026-04-22 16:35:55 [info]: [SEEDER] Successfully seeded 13 flows for business 69e76f69a4aea6a4366cd5e8 (PRO) 
2026-04-22 16:36:11 [info]: [Engine] Incoming: "hi" from: 9043263671 (Step: get_quantity) 
2026-04-22 16:36:15 [info]: [Engine] Incoming: "1" from: 9043263671 (Step: main_menu) 
2026-04-22 16:36:15 [info]: [Engine] Matched Flow: main_menu -> browse (Action: SHOW_PRODUCTS) 
2026-04-22 16:36:18 [info]: [Engine] Incoming: "Add to Cart: Laptop" from: 9043263671 (Step: browse) 
2026-04-22 16:36:18 [info]: [Engine] Structured Action Detected: ADD_TO_CART 
2026-04-22 16:36:22 [info]: [Engine] Incoming: "Continue Shopping" from: 9043263671 (Step: cart_decision) 
2026-04-22 16:36:22 [info]: [Engine] Structured Action Detected: CONTINUE_SHOPPING 
2026-04-22 16:36:25 [info]: [Engine] Incoming: "Add to Cart: Rice" from: 9043263671 (Step: browse) 
2026-04-22 16:36:25 [info]: [Engine] Structured Action Detected: ADD_TO_CART 
2026-04-22 16:36:27 [info]: [Engine] Incoming: "Confirm Order" from: 9043263671 (Step: cart_decision) 
2026-04-22 16:36:27 [info]: [Engine] Structured Action Detected: CONFIRM_ORDER 
2026-04-22 16:36:42 [info]: [Engine] Incoming: "1" from: 9043263671 (Step: confirm_quantities) 
2026-04-22 16:36:42 [info]: [Engine] Matched Flow: confirm_quantities -> confirm_quantities (Action: SAVE_CART_ITEM_QUANTITY) 
2026-04-22 16:36:46 [info]: [Engine] Incoming: "1" from: 9043263671 (Step: confirm_quantities) 
2026-04-22 16:36:46 [info]: [Engine] Matched Flow: confirm_quantities -> confirm_quantities (Action: SAVE_CART_ITEM_QUANTITY) 
2026-04-22 16:36:50 [info]: [Engine] Incoming: "Online Payment" from: 9043263671 (Step: select_payment) 
2026-04-22 16:36:50 [info]: [Engine] Structured Action Detected: SAVE_PAYMENT_METHOD 
2026-04-22 16:38:54 [info]: [BusinessRoute] Fetching context for ID: 69e76f69a4aea6a4366cd5e8 
2026-04-22 16:38:55 [info]: [BusinessRoute] Fetching context for ID: 69e76f69a4aea6a4366cd5e8 
2026-04-22 16:56:38 [info]: Server running on port 5000 in development mode 
2026-04-22 16:56:39 [info]: MongoDB connected successfully 
2026-04-22 16:56:40 [info]: Templates already seeded (5 templates found) 
2026-04-22 16:56:47 [info]: Server running on port 5000 in development mode 
2026-04-22 16:56:48 [info]: MongoDB connected successfully 
2026-04-22 16:56:49 [info]: Templates already seeded (5 templates found) 
2026-04-22 16:57:09 [info]: Server running on port 5000 in development mode 
2026-04-22 16:57:10 [info]: MongoDB connected successfully 
2026-04-22 16:57:10 [info]: Templates already seeded (5 templates found) 
2026-04-22 16:58:02 [info]: Server running on port 5000 in development mode 
2026-04-22 16:58:03 [info]: MongoDB connected successfully 
2026-04-22 16:58:03 [info]: Templates already seeded (5 templates found) 
2026-04-22 16:58:22 [info]: Server running on port 5000 in development mode 
2026-04-22 16:58:22 [info]: MongoDB connected successfully 
2026-04-22 16:58:23 [info]: Templates already seeded (5 templates found) 
2026-04-22 17:02:06 [info]: Server running on port 5000 in development mode 
2026-04-22 17:02:07 [info]: MongoDB connected successfully 
2026-04-22 17:02:08 [info]: Templates already seeded (5 templates found) 
2026-04-22 17:02:14 [info]: Server running on port 5000 in development mode 
2026-04-22 17:02:15 [info]: MongoDB connected successfully 
2026-04-22 17:02:15 [info]: Templates already seeded (5 templates found) 
2026-04-22 17:02:23 [info]: Server running on port 5000 in development mode 
2026-04-22 17:02:23 [info]: MongoDB connected successfully 
2026-04-22 17:02:24 [info]: Templates already seeded (5 templates found) 
2026-04-22 17:08:14 [debug]: [SuperAdmin] Dashboard Unified Analytics: {"totalRevenue":8497,"mrr":8497,"merchantGMV":0,"subRevenue":8497,"activePaidCount":3}
2026-04-22 17:08:15 [debug]: [SuperAdmin] Dashboard Unified Analytics: {"totalRevenue":8497,"mrr":8497,"merchantGMV":0,"subRevenue":8497,"activePaidCount":3}
2026-04-22 17:10:07 [info]: [Engine] Incoming: "hi" from: 9043263671 (Step: start) 
2026-04-22 17:10:23 [info]: [BusinessRoute] Fetching context for ID: 69e76f69a4aea6a4366cd5e8 
2026-04-22 17:10:23 [info]: [BusinessRoute] Fetching context for ID: 69e76f69a4aea6a4366cd5e8 
2026-04-22 17:11:10 [info]: [Engine] Incoming: "hi" from: 9043263671 (Step: select_product) 
2026-04-22 17:11:20 [info]: [Engine] Incoming: "1" from: 9043263671 (Step: main_menu) 
2026-04-22 17:11:20 [info]: [Engine] Matched Flow: main_menu -> select_product (Action: SHOW_PRODUCTS) 
2026-04-22 17:11:24 [info]: [Engine] Incoming: "Add to Cart: Laptop" from: 9043263671 (Step: select_product) 
2026-04-22 17:11:24 [info]: [Engine] Structured Action Detected: ADD_TO_CART 
2026-04-22 17:11:28 [info]: [Engine] Incoming: "Continue Shopping" from: 9043263671 (Step: cart_decision) 
2026-04-22 17:11:28 [info]: [Engine] Structured Action Detected: CONTINUE_SHOPPING 
2026-04-22 17:11:30 [info]: [Engine] Incoming: "Add to Cart: Rice" from: 9043263671 (Step: browse) 
2026-04-22 17:11:30 [info]: [Engine] Structured Action Detected: ADD_TO_CART 
2026-04-22 17:11:33 [info]: [Engine] Incoming: "Confirm Order" from: 9043263671 (Step: cart_decision) 
2026-04-22 17:11:33 [info]: [Engine] Structured Action Detected: CONFIRM_ORDER 
2026-04-22 17:11:39 [info]: [Engine] Incoming: "1" from: 9043263671 (Step: confirm_quantities) 
2026-04-22 17:11:39 [warn]: [Engine] No match for "1" at step "confirm_quantities" 
2026-04-22 17:11:50 [info]: [BusinessRoute] Fetching context for ID: 69e77114a4aea6a4366cd6b8 
2026-04-22 17:11:50 [info]: [BusinessRoute] Fetching context for ID: 69e77114a4aea6a4366cd6b8 
2026-04-22 17:11:53 [info]: [SEEDER] Successfully seeded 15 flows for business 69e77114a4aea6a4366cd6b8 (ENTERPRISE) 
2026-04-22 17:12:07 [info]: [Engine] Incoming: "hi" from: 9043263671 (Step: confirm_quantities) 
2026-04-22 17:12:10 [info]: [Engine] Incoming: "1" from: 9043263671 (Step: main_menu) 
2026-04-22 17:12:10 [info]: [Engine] Matched Flow: main_menu -> browse (Action: SHOW_PRODUCTS) 
2026-04-22 17:12:13 [info]: [Engine] Incoming: "Add to Cart: Laptop" from: 9043263671 (Step: browse) 
2026-04-22 17:12:13 [info]: [Engine] Structured Action Detected: ADD_TO_CART 
2026-04-22 17:12:15 [info]: [Engine] Incoming: "Add to Cart: Rice" from: 9043263671 (Step: cart_decision) 
2026-04-22 17:12:15 [info]: [Engine] Structured Action Detected: ADD_TO_CART 
2026-04-22 17:12:19 [info]: [Engine] Incoming: "Continue Shopping" from: 9043263671 (Step: cart_decision) 
2026-04-22 17:12:19 [info]: [Engine] Structured Action Detected: CONTINUE_SHOPPING 
2026-04-22 17:12:23 [info]: [Engine] Incoming: "Add to Cart: Rice" from: 9043263671 (Step: browse) 
2026-04-22 17:12:23 [info]: [Engine] Structured Action Detected: ADD_TO_CART 
2026-04-22 17:12:25 [info]: [Engine] Incoming: "Confirm Order" from: 9043263671 (Step: cart_decision) 
2026-04-22 17:12:25 [info]: [Engine] Structured Action Detected: CONFIRM_ORDER 
2026-04-22 17:12:29 [info]: [Engine] Incoming: "1" from: 9043263671 (Step: confirm_quantities) 
2026-04-22 17:12:29 [info]: [Engine] Matched Flow: confirm_quantities -> confirm_quantities (Action: SAVE_CART_ITEM_QUANTITY) 
2026-04-22 17:12:36 [info]: [Engine] Incoming: "1" from: 9043263671 (Step: confirm_quantities) 
2026-04-22 17:12:36 [info]: [Engine] Matched Flow: confirm_quantities -> confirm_quantities (Action: SAVE_CART_ITEM_QUANTITY) 
2026-04-22 17:12:40 [info]: [Engine] Incoming: "Online Payment" from: 9043263671 (Step: select_payment) 
2026-04-22 17:12:40 [info]: [Engine] Structured Action Detected: SAVE_PAYMENT_METHOD 
